token,token_tag
بهتره,C
واسه,C
خودت,N
آرزوی,N
موفقیت,N
کنی,N
رفیق,N
فکر,F
کنم,N
بهش,C
نیاز,N
پیدا,N
میکنی,N
,
برو,N
گمش,N
را,F
خودت,N
که,N
بهترش,N
را,F
بلد,N
نیستی,F
,
ولی,N
مطمئنا,N
قرار,N
هست,F
گند,N
بزنن,C
به,N
آخر,N
هفته,N
مون,C
,
پس,N
من,N
همینجا,N
پیاده,N
میشم,C
موفق,N
باشین,C
,
هی,N
وایسا,C
رفیق,N
داری,N
کجا,N
میری؟,C
,
نبرد,N
سم,N
را,F
یادت,N
نمی‌آید؟,F
,
همینطور,N
کنار,N
خط,N
مقدم,N
برین,C
جلو,N
تا,N
زمانی,N
که,N
به,N
یورکی,N
ها,F
برسین,C
,
مشکل,N
تو,N
خودت,N
هستی,F
چون,N
پسرها,F
تو,N
را,F
مثل,F
بت,N
می‌پرستند,F
,
سرهنگ,N
عکس,N
های,F
هوایی,N
خطوط,N
جدید,N
دشمن,N
رو,C
ندیدن,C
,
و,N
بعدش,N
به,N
سمت,N
شمال,N
غربی,N
برید,C
تا,N
به,N
معبر,N
پارادایز,N
و,N
خط,N
مقدم,N
برسید,F
,
تا,N
هوا,N
تاریک,N
نشده,N
نمی‌آییم,F
دنبالتان,F
,
جلوی,N
موج,N
دوم,N
رو,C
بگیریم,N
قربان؟,N
,
بله,N
اینجا,N
آب‌گرم,N
ندارد,F
,
سرجوخه,N
بقیه,N
هرکاری,N
بخوان,C
بکنند,F
باید,N
بقیه,N
منظم,N
باشند,F
,
هی,N
دنیل,N
تا,N
حالا,N
ساکنان,N
کاتان,N
بازی,N
کردی؟,N
,
آن,F
موقع,N
بیشتر,N
از,N
الان,N
درخت,N
می‌بینی,N
,
هم,N
اکنون,N
بواسطه,N
این,N
تدهین,N
مقدس,N
از,N
خداوند,N
منان,N
طلب,N
میکنم,N
,
سه,N
سال,N
جنگ,N
سر,N
این,N
,
شاید,N
دوک,N
باشند,F
وقتی,N
هنوز,N
نرسیدن,C
سخت,N
بگویی,F
,
نمی‌دانم,F
یکدفعه,F
درون,N
خانه,F
مظاهر,N
شد,N
,
آنها,F
با,N
الکی,N
به,N
دریا,N
رفتند,F
,
اوه,N
باز,N
هم,N
مانع,N
این,N
دفعه,F
دیگر,F
چه,F
هست؟,F
نگو,N
باز,N
هم,N
یک,F
درخت,N
لعنتیه,C
,
به,N
طرف,N
جهنم,N
یا,N
به,N
سمت,N
تاجوتخت,C
سریعتر,N
رسید,N
آنکه,F
تنها,N
سفر,N
کرد,N
,
که,N
خیلی,N
وقت,N
پیش,N
جریان,N
داشت,F
,
گردان,N
دوانز,N
باید,N
پیداشون,C
کنم,N
,
یک,F
شرط,N
گذاشتیم,N
امروز,N
چه,N
روزیه؟,C
,
اونم,C
تا,N
آخرین,N
نفر,N
ایستادگی,N
کردنه,C
,
چه,N
خبر,N
پسر,N
کوچولو,C
اینجارو,C
امضا,N
میزنی؟,N
,
ببین,N
یه,C
تیکه,C
حلبی,N
کوفتی,N
بیش,N
تر,N
نیست,F
,
ولی,N
فرمانده,N
نمیخواست,N
تو,N
برف,N
بجنگیم,N
,
میشه,C
یه,C
سوال,N
واضح,N
بپرسم؟,N
,
برو,N
به,N
زخم,N
هات,C
برس,N
,
تا,N
هوا,N
تاریک,N
نشده,N
نمی‌آییم,F
دنبالتان,F
,
کارسازه,C
چون,N
تاریکه,C
و,N
میری,C
دنبال,N
بوی,N
تعفن,N
,
و,N
اگر,F
بتونه,C
خطوط,N
آن,F
ها,F
را,F
الآن,N
بشکند,F
ورق,N
را,F
برمی,F
گردونه,F
,
چرا؟,N
چون,N
می‌دانی,F
حق,N
با,N
من,N
هست؟,F
,
نزار,C
جانورای,F
تختت,N
گازت,N
بگیرند,F
,
خب,N
یکی,N
بهش,C
بده,N
کیلگور,N
مفید,N
واقع,N
شو,N
,
اونم,C
از,N
نوعی,N
که,N
تاحالا,N
ندیدیم,N
قرار,N
دارن,C
,
برای,F
تو,N
بهترین,N
حالته,C
,
من,N
به,N
افرادم,N
نمیگم,C
برگردن,C
که,N
فردا,N
دوباره,N
بفرستمشون,C
,
چه,F
هست؟,F
غذای,N
سگ,N
آلمانها,F
,
باعث,N
بشود,F
چیزها,F
از,N
هم,N
نپاشند,F
,
یک,F
شرط,N
گذاشتیم,N
امروز,N
چه,N
روزیه؟,C
,
پس,N
اینها,F
دیگر,F
رشد,N
نمی‌کنند؟,F
,
نه,N
من,N
رابطه,N
سالمی,N
با,N
هیچ,N
کس,N
ندارم,N
,
و,N
آخر,N
سر,N
حتی,N
درختای,C
بیشتری,N
درمیاد,C
,
یک,F
شکاف,N
کوچک,F
کنارش,N
دارد,F
,
فکر,F
می‌کنی,N
چقدر,F
عقب‌نشینی,N
کردند؟,F
,
از,N
صبحانه,F
نهار,F
لعنتی,N
متنفرم,N
,
و,N
اگه,C
معجزه,N
شد,N
و,N
جون,C
سالم,N
به,N
در,N
بردید,F
با,N
منور,N
علامت,N
بدید,C
,
و,N
اگر,F
با,N
همین,N
سرعت,N
برویم,F
جلو,N
بموقع,N
می‌رسیم,F
,
مواظب,N
باش,N
ممکنه,C
تله,N
های,F
دیگه,C
ای,N
هم,N
گذاشته,N
باشن,C
,
وقتی,N
دوربین,N
مخفی,N
رو,C
از,N
اتاق,N
بچه,N
اش,N
آوردن,C
بیرون,N
,
واقعاً,N
فکر,F
می‌کنی,N
هتل,N
با,N
اینجا,N
فرقی,N
دارد؟,F
,
نمی‌توانم,F
تا,N
گرگ,N
و,N
میش,N
یا,N
مه‌آلود,N
شدن,N
هوا,N
صبر,F
کنم,N
,
انریمور,N
که,N
تاحالا,N
سرزمین,N
بی,N
طرف,N
رو,C
ندیده,N
,
سرجوخه,N
بلیک,N
شجاعت,N
فوقالعاده‌ای,N
از,N
خود,N
نشان,F
داد,N
,
به,N
آن,F
بگو,N
که,N
نترسیده,N
بودم,N
,
کامیون‌های,F
نفربر,N
جا,N
دارند,F
قربان,N
,
اگه,C
موفق,N
نشید,N
همشون,C
قتل,N
عام,N
میشن,C
,
موفق,N
باشی,N
مراقب,N
باش,N
خراب,N
نکنی,N
,
اینطور,N
نیست,F
ستوان؟,N
بله,N
همینطور,N
قربان,N
,
روی,N
اون,C
تنه,N
درخت,N
اون,C
سنگین,N
تره,C
,
واقعا؟,N
آخه,C
انگار,N
داری,N
مواد,N
میکشی,N
,
نمی‌توانستند,F
بهتر,N
از,N
این‌ها,F
عقب‌نشینی,N
کنند؟,F
,
فکر,F
می‌کنم,N
به,N
دکتری,N
چیزی,N
شدید,N
نیاز,N
داری,N
,
یا,N
مسیح,N
سرباز,N
برو,N
فرمانده,N
رو,C
ببین,N
,
قرار,N
بود,N
چند,F
هفته,N
پیش,N
اتفاق,N
بیفته,C
گفتن,C
برای,F
کریسمس,N
میفرستنمون,C
خونه,C
,
متوقف,N
شدن,C
کنید,F
بله,N
قربان,N
,
ولی,N
سعی,N
نکن,N
با,N
لاس,N
زدن,N
با,N
داداشم,N
جوال,N
خودت,N
را,F
بهتر,N
کنی,N
,
خون,N
زیادی,N
از‌دست‌داده,F
,
ولی,N
بعضی,N
آدما,C
جنگ,N
طلبن,C
,
می‌بیند,C
یک,F
موش,N
نشسته,C
روی,N
شونه‌اش,C
و,N
دارد,F
روغن,N
روی,N
سرش,N
را,F
لیس,N
می‌زند,F
,
یک,F
شکاف,N
درون,N
سیم‌خاردار,N
هست,F
,
و,N
نمیخوام,C
یه,C
بابای,N
عوضی,N
باشم,N
,
ظاهرا,N
چهارده,N
کیلومتر,N
اونورتر,C
در,N
این,N
نقطه,N
یه,C
خط,N
جدید,N
رو,C
تشکیل,N
دادن,C
,
هی,N
دنیل,N
تا,N
حالا,N
ساکنان,N
کاتان,N
بازی,N
کردی؟,N
,
سوار,N
یک,F
الک,N
عازم,N
دریا,N
شدن,C
,
ولی,N
فکر,F
می‌کنم,N
دنیل,N
به,N
سطح,N
تو,N
نمی‌خورد,F
,
آره,C
اینجا,N
حتی,N
کشور,N
لعنتی,N
خودمونم,C
نیست,F
,
بدانجا,F
خواهم,F
رفت,F
تا,N
پدرم,N
را,F
ببینم,N
,
نه,N
از,N
اینجا,N
خوشم,N
نمیاد,C
,
تا,N
اون,C
موقع,N
شب,N
میشه,C
,
فکر,F
کردی,N
هتل,N
با,N
اینجا,N
فرقی,N
دارد؟,F
,
مثل,F
خر,N
ترسیدم,N
فکر,F
کردم,N
خونوادتن,C
,
جلوی,N
پاتو,C
ببین,N
ببخشید,N
,
فقط,N
این,N
منور,N
لعنتی,N
رو,C
شلیک,N
کن,N
,
خواهش,N
میکنم,N
من,N
الان,N
باید,N
برم,C
خواهش,N
میکنم,N
,
از,N
منطقه,N
بی‌طرف,N
خارج,N
از,N
باکوم,N
رد,N
شدیم,N
,
معبر,N
امنی,N
وجود,N
ندارد,F
قربان؟,N
یک,F
جایی,N
که,N
بتوانیم,F
بپریم,N
داخلش,N
و,N
برویم؟,F
,
و,N
آن,F
یهویی,N
به,N
ما,N
گفت,F
,
<,N
>,N
فقط,N
می‌روم,F
به,N
اردن,N
<,N
>,N
,
<,N
>,N
میرم,C
اونجا,C
به,N
دیدار,N
پدرم,N
<,N
>,N
,
برای‌همین,F
همه‌اش,F
را,F
می‌زند,F
به,N
سرش,N
و,N
می‌خوابد,F
,
دوونز,N
دوم,N
می‌خواهند,F
فردا,N
کمی,N
بعد,N
از,N
طلوع,N
آفتاب,N
به,N
خطشون,C
حمله,N
کنند,F
,
می‌دانی,F
مامان,N
من,N
وقتی,N
ما,N
نیستیم,F
,
این,N
هیچ‌وقت,N
مشکلی,N
نبوده,N
,
هوا,N
روشن,N
قربان,N
آن,F
ها,F
ما,N
را,F
می‌بینند,F
,
فکر,F
می‌کردم,N
می‌خواهند,F
ما,N
را,F
برای,F
پشتیبانی,N
یا,N
غذا,N
و,N
آذوقه,N
بفرستند,F
,
نگاش,C
کنین,C
لعنت,N
بهش,C
,
دست,F
بجنبانید,F
پسرها,F
یک‌دانه,F
درون,N
پاش,C
خورده,N
,
به,N
نظر,N
میاد,C
که,N
یه,C
خط,N
جدید,N
ساختن,C
نه,N
مایل,N
عقب,N
تر,N
از,N
این,N
جا,N
این,N
طور,N
که,N
معلومه,C
,
که,N
در,N
این,N
دنیای,N
غم‌بار,N
رهسپارم,C
,
ظاهرا,N
افسران,N
ارشد,N
از,N
کریسمس,N
و,N
برفبازی,N
خوششون,C
نمیاد,C
,
قربان,N
قربان,N
,
هوی,N
نمی‌گویی,F
با,N
این,N
کارت,N
ممکنه,C
دندونام,C
بریزد,F
بیرون؟,N
,
<,N
>,N
دیگر,F
برای,F
ولگردی,N
نمی‌روم,F
آنجا,F
<,N
>,N
,
تو,N
یک,F
برادر,N
داری,N
یک,F
ستوان,N
در,N
گردان,N
دوم,N
دوون,N
شایر,N
,
برگردید,F
برگردید,F
سر,N
جاهاتون,C
برگردید,F
برگردید,F
با,N
همه,N
توان,N
مقاومت,N
کنید,F
,
خب,N
یکی,N
به,N
آن,F
بده,N
کیلگور,N
مفید,N
واقع,N
شو,N
,
از,N
خط,N
جلوی,N
ضدحمله‌ی,N
احتمالی,N
دفاع,N
کنید,F
بله,N
قربان,N
,
با,N
جنده‌ها,N
حال,N
کنی,N
,
مرتیکه,N
چند,F
تا,N
خانه,F
داشت؟,F
,
ولی,N
فرمانده,N
نمی‌خواست,F
تو,N
برف,N
بجنگیم,N
,
باید,N
تو,N
را,F
ببرم,N
به,N
بهداری,N
نمی‌توانم,F
,
من,N
یک,F
مسافر,N
غریبه,N
هستم,F
,
مواظب,N
باش,N
ممکنه,C
تله,N
های,F
بیشتری,N
گذاشته,N
باشن,C
,
یه,C
شکاف,N
توی,C
سیم,N
خاردار,N
هست,F
,
از,N
کجا,N
می‌دانی,F
تو,N
که,N
حتی,N
این,N
زبون,C
را,F
به,N
زور,N
حرف,N
می‌زنی,N
,
درون,N
تختت,N
مردم,N
دارند,F
سکس,N
می‌کنند,F
,
زمانی,N
که,N
فهمیدم,N
دیگر,F
نمی‌توانم,F
بمونم,C
و,N
مجبورم,C
برگردم,N
,
طاقت,N
دوستمو,C
بریده,N
اوه,N
مولی,N
,
احتمالا,N
وحشت,N
کرده,N
خب,N
اون,C
از,N
افراد,N
ما,N
نیست,F
,
فقط,N
یک,F
تکه,F
حلبی,N
هم,N
نیست,F
روبان,N
به,N
آن,F
وصله,C
,
احتمالا,N
وحشت,N
کرده,N
خب,N
آن,F
از,N
افراد,N
ما,N
نیست,F
,
باید,N
با,N
خودت,N
می‌بردیش,N
خانه,F
,
تو,N
خیلی,N
نابالغ,N
تر,N
از,N
بیشتر,N
مردهایی,C
,
ولی,N
مقامات,N
بالا,N
اهل,N
خیالبافی,N
و,N
برفبازی,N
نیستن,C
,
به,N
تو,N
نمی‌خورد,F
اینقدر,C
گرسنه,N
باشی,N
,
حداقل,N
باید,N
صبر,F
کنیم,N
تا,N
هوا,N
تاریک,N
بشه,C
,
بهترین,N
قسمتش,N
این,N
بود,N
که,N
آن,F
آنقدر,F
روغن,N
زده,N
بود,N
به,N
خودش,N
,
فقط,N
میگم,C
که,N
باید,N
منتظر,N
بمونیم,C
,
از,N
اینقدر,C
زیاد,N
آدم,N
برای,F
چه,F
منو,C
انتخاب,N
کردی؟,N
,
می‌دانی,F
جوخه,N
یورک,N
کجا,N
هستند؟,F
,
میتونی,C
همه,N
رو,C
برداری,N
بفرما,N
همه,N
رو,C
بردار,N
,
بیخیال,N
بابا,N
کل,N
این,N
قضیه,N
خیلی,N
دیوونه,C
کنندس,C
,
باشد,F
اصلاً,F
فرض,N
می‌کنیم,N
که,N
آلمان‌ها,F
رفتن,C
,
حداقل,N
بهتر,N
از,N
تو,N
حرف,N
می‌زند,F
کوک,N
,
درازای,N
خط,N
مقدم,N
رو,C
بگیرین,C
تا,N
هنگ,N
یورک,N
شایر,N
رو,C
پیدا,N
کنین,C
,
در,N
صبحدمی,F
زمستانی,F
در,N
یک,F
روز,N
برفی,N
,
تو,C
خونه,C
ی,N
کس,N
دیگه,C
بودن,N
تورو,C
نمیترسونه؟,C
,
وظیفه,N
تون,C
این,N
هست,F
که,N
خطهای,F
دشمن,N
را,F
درهم,N
بشکنید,F
,
لازم,N
نیست,F
نگران,N
باشید,F
با,N
هیچ,N
مقاومتی,N
روبرو,N
نمیشید,C
,
شرط,N
می‌بندم,N
گفت,F
بخاطر,N
ترکش,N
بوده,N
,
همینطوری,N
ابر,N
هارو,C
تماشا,N
میکردن,C
,
خط,N
مقدم,N
را,F
جلو,N
بروید,F
تا,N
به,N
یورک‌ها,F
برسید,F
,
<,N
>,N
میدونم,C
که,N
ابرای,F
تیره,N
احاطم,C
میکنن,C
<,N
>,N
,
اینکه,N
چطور,N
گوشش,N
را,F
از,N
دست,F
داد؟,N
,
منم,C
همینطور,N
اینطوری,C
کاپکیک,N
هار,N
را,F
خودمان,F
می‌خوریم,N
,
با,N
شناختی,N
که,N
از,N
ستوان,N
بلیک,N
دارم,N
احتمالا,N
با,N
سربازهاش,F
حمله,N
کرده,N
,
چیزی,N
نیست,F
مشکلی,N
نیست,F
,
یکی,N
مثل,F
تو,N
دندان,F
می‌خواهد,F
چه,F
کار؟,N
,
هیچ,N
معبری,N
نیست,F
قربان؟,N
جایی,N
که,N
بپریم,N
داخلش,N
و,N
بریم؟,C
,
<,N
>,N
ولی,N
مزارع,N
طلایی,N
درست,F
پیش,N
روی,N
منه,C
<,N
>,N
,
گروهان,N
بی,N
خبردار,N
حالا,N
گوش,N
کنید,F
خوب,N
هم,N
گوش,N
کنید,F
,
سعی,N
میکنم,N
بهشون,C
اعتماد,N
به,N
نفس,N
بدم,C
,
فکر,F
کنم,N
میخواستن,C
از,N
اون,C
مسیر,N
بریم,C
تا,N
زنده,N
زنده,N
دفنمون,C
کنن,C
,
از,N
آنجا,F
باید,N
عبور,N
کنید,F
,
ولی,N
اگه,C
میخوای,C
داخل,N
هتل,N
کوچیک,C
آشغال,N
تو,N
شهر,N
,
و,N
سوار,N
بر,N
یک,F
آبکش,N
رفتن,C
به,N
دریا,N
,
اما,N
به,N
کمک,N
تو,N
هم,N
احتیاجه,C
,
دو,N
نفرشون,C
را,F
کشون,C
کشون,C
آوردیم,N
اینجا,N
ولی,N
خب,N
بیفایده,N
بود,N
,
خب,N
یکی,N
بهش,C
بده,N
کیلگور,N
مفید,N
واقع,N
شو,N
,
و,N
کل,N
هفته,N
رو,C
بگذرونی,C
یا,N
میخوای,C
بهت,C
خوش,N
بگذره؟,C
,
آنها,F
سوار,N
بر,N
یک,F
غربال,N
به,N
دریا,N
زدند,F
,
دلم,N
برای,F
بابا,N
تنگ,N
شده,N
,
هی,N
وایسا,C
رفیق,N
داری,N
کجا,N
میری؟,C
,
صف,N
آلمانی‌ها,F
را,F
شکستن,C
,
بخاطر,N
همین,N
بود,N
نرفتم,N
کشیش,N
بشم,C
,
<,N
>,N
من,N
یه,C
غریبه,N
دورگرد,N
بی,N
نوا,N
هستم,F
<,N
>,N
,
بالا,N
دیگر,F
جاندالار,N
یک,F
امتحانی,N
بکن,N
بگذار,F
ببینیم,N
,
احتمالا,N
چند,F
قدم,N
جلوتر,N
کمین,N
کردند,F
,
من,N
از,N
جلو,N
میرم,C
تو,N
از,N
پشت,N
برو,N
,
چه,N
خوب,N
تو,N
که,N
مدالت,N
رو,C
گم,N
کردی,N
,
در‌هر‌صورت,N
پر,N
از,N
جسدن,C
بهترین,N
شانستون,C
این,N
هست,F
که,N
از,N
اینجا,N
بروید,F
,
جلوش,C
رو,C
بچرخونین,C
سمت,N
چپ,N
,
ما,N
شرط,N
بستیم,F
امروز,N
چند,F
شنبه,F
است؟,F
,
سنگری,N
به,N
طول,N
پنج,N
کیلومتر,N
همراه,N
با,N
استحکامات,N
دفاعی,N
و,N
توپخانه,F
,
مچ,N
داداشت,N
را,F
وقتی,N
داشت,F
و,N
ید,N
می‌کشید,N
گرفتم,N
,
باید,N
جسدش,N
را,F
از,N
این,N
سنگر,N
لعنتی,N
با,N
شیلنگ,N
بشوی,F
,
فقط,N
آن,F
منور,N
کوفتی,N
را,F
شلیک,N
کن,N
,
باشه,C
فقط,N
جلوی,N
پاتو,C
نگاه,N
کن,N
,
حتی,N
از,N
قبل,N
تعداد,N
درختهای,F
بیشتری,N
میشن,C
,
نگاه,N
کن,N
اینقدر,C
بقیه,N
رو,C
هل,N
نده,N
پس,N
از,N
سر,N
راهم,N
برو,N
کنار,N
,
اما,N
وقتی,N
که,N
این,N
بازی,N
را,F
می‌کردم,N
بچه‌های,N
زیادی,N
این,N
را,F
بازی,N
می‌کردند,F
,
نذار,C
ساس,N
ها,F
گازت,N
بگیرن,C
,
نباید,N
زیاد,N
به,N
آن,F
فکر,F
کنی,N
,
گروهان,N
بی,N
دو,N
دقیقه,N
دیگه,C
,
مستقیم,N
برید,C
بعد,N
بپیچید,F
به,N
چپ,N
و,N
از,N
لاشه,N
اسبها,F
رد,N
بشید,C
,
پس,N
الان,N
به,N
عهده,N
توئه,C
,
در,N
عمق,N
پنج,N
کیلومتری,N
استحکامات,N
صحرایی,N
پدافند,N
توپ,N
خانه,F
که,N
نظیرشون,C
رو,C
تا,N
حالا,N
ندیدیم,N
,
فکر,F
کردم,N
الان,N
می‌خواهند,F
بفرستنمون,C
برای,F
پشتیبانی,N
غذایی,N
چیزی,N
,
ببین,N
برو,N
سرشون,C
رو,C
گرم,N
کن,N
,
بنظر,N
میاد,C
در,N
پانزده,N
کیلومتری,N
اینجا,N
استحکامات,N
دفاعی,N
جدید,N
درست,F
کرد,N
ن,C
,
تاحالا,N
چاه,N
دستشویی,F
به,N
این,N
مزخرفی,N
ندیدم,N
,
شرط,N
می‌بندم,N
که,N
به,N
تو,N
گفته,N
بخاطر,N
خمپاره,N
بوده,N
,
ساندرز,N
بهم,C
گفته,N
خیلی,N
از,N
نقشه,N
سر,N
در,N
میاری؟,C
راست,N
گفته؟,N
,
و,N
فقط,N
یک,F
تکه,F
حلبی,N
نیست,F
یک,F
روبان,N
هم,N
به,N
آن,F
وصله,C
,
<,N
>,N
جایی,N
که,N
رفعت,N
خدا,N
برای,F
همیشه,N
پابرجاست,F
<,N
>,N
,
وگرنه,N
تا,N
آخر,N
عمرش,N
باید,N
فکر,F
کنه,C
که,N
تو,N
کجایی؟,N
,
بالا,N
از,N
بغل,N
می‌شود,F
رفت,F
,
وقتی,N
که,N
منو,C
دزدید,N
من,N
حامله,N
بودم,N
,
یک,F
مو,N
روی,N
صابون,N
درون,N
دوش,N
بود,N
,
تو,N
به,N
آن,F
مدیونی,N
که,N
حداقل,N
سعیت,N
را,F
بکنی,N
و,N
از,N
اینجا,N
بروی,F
بیرون,N
,
منو,C
یادش,N
نمیاد,C
اینو,C
نگو,N
,
خیلی,N
خب,N
بچه,N
ها,F
بازم,C
جمعمون,C
جمع,N
شد,N
,
یک,F
شکاف,N
تو,C
سیم‌خاردار,N
هست,F
,
جایی,N
که,N
بندگان,N
مغفور,N
خدا,N
تا,N
ابد,N
در,N
آرامش,N
خوابیده‌اند,F
,
<,N
>,N
وقت,N
زیادی,N
صرف,N
ساختن,N
چیزی,N
که,N
ساختم,N
شد,N
<,N
>,N
,
هی,N
اخرین,N
کسی,N
که,N
رفت,F
بیرون,N
کی,N
بود؟,N
,
اون,C
چند,F
تا,N
خونه,C
داره؟,C
,
بگذارم,F
زمین,N
بگذارم,F
زمین,N
حرومزاده,C
لطفا,N
بگذارم,F
زمین,N
,
من,N
هیچ,N
علاقه,N
کوفتی,N
برای,F
دنیل,N
ندارم,N
,
باید,N
جسدش,N
را,F
از,N
این,N
سنگر,N
لعنتی,N
با,N
شیلنگ,N
بشوی,F
,
خب,N
از,N
اینکه,N
برنامه,N
ریزی,N
شلوغت,N
رو,C
خراب,N
کردم,N
عذر,N
میخوام,C
,
از,N
سر,N
راه,N
برو,N
کنار,N
سرجوخه,N
,
یک,F
خبرهایی,F
هست,F
تو,N
چیزی,N
نشنیدی؟,N
,
کل,N
شب,N
داشتیم,N
را,F
داشتیم,N
زمین,N
می‌کندیم,N
ما,N
آخرین,N
گروهانیم,N
,
واقعاً,N
فکر,F
می‌کنی,N
هتل,N
فرق,N
می‌کرد؟,N
,
آی,N
ممکن,N
بود,N
با,N
آن,F
بزنی,N
دندونام,C
را,F
بشکنی,N
,
خب,N
فک,C
کنم,N
به,N
برخی,N
غذاها,N
احتیاج,N
داریم,N
,
گروهان,N
برا,N
را,F
<,N
عدد,N
>,N
دقیقه,N
تا,N
حمله,N
,
نیازی,N
به,N
نگرانی,N
نیست,F
با,N
هیچ,N
دشمنی,N
برخورد,N
نمی‌کنید,F
,
استفراغ,N
می‌کند,F
بعدش,N
اونی,C
که,N
تو,C
دردسر,N
می‌افتد,F
ماییم,C
,
فکر,F
کنم,N
میخواستن,C
از,N
اون,C
مسیر,N
بریم,C
تا,N
زنده,N
زنده,N
دفنمون,C
کنن,C
,
<,N
>,N
من,N
دارم,N
می‌روم,F
اردن,N
<,N
>,N
,
معبر,N
امنی,N
وجود,N
نداره,C
قربان؟,N
یه,C
جایی,N
که,N
بتونیم,C
بپریم,N
داخلش,N
و,N
بریم؟,C
,
واو,N
این,N
خیلی,N
من,N
متاسفم,N
,
بیدار,N
شو,N
کیلگور,N
حیف,N
نون,C
,
نباید,N
این,N
جنگ,N
ادامه,N
پیدا,N
کنه,C
به,N
من,N
دستور,N
داده,N
شده,N
جلوش,C
رو,C
بگیرم,N
,
درون,N
کامیون,N
سربازهای,F
موقت,N
جا,N
هست,F
قربان,N
,
این,N
رو,C
به,N
سرهنگ,N
مکنزی,N
تحویل,N
بدید,C
,
میتونی,C
بری,C
ایستگاه,N
رسیدگی,N
به,N
مجروحین,N
پشت,N
خط,N
مقدم,N
,
می‌توانستم,F
پدر,N
خوبی,N
بشوم,F
نه؟,N
,
برای‌همین,F
همه‌اش,F
را,F
می‌زند,F
به,N
سرش,N
و,N
می‌خوابد,F
,
بهتره,C
که,N
آدم,N
هیچوقت,N
برنگرده,C
,
باید,N
متوقفش,N
کنید,F
باید,N
متوقفش,N
کنید,F
,
<,N
>,N
می‌دانم,F
که,N
ابرهای,F
تیره,N
احاطم,C
می‌کنند,F
<,N
>,N
,
آره,C
بایدم,C
این,N
حرف,N
را,F
بزنی,N
چون,N
آن,F
برادر,N
تو,N
نیست,F
درسته؟,C
,
ظاهرا,N
یک,F
خط,N
جدید,N
درست,F
کردند,F
اینطور,N
که,N
به,N
نظر,N
می‌رسد,F
<,N
عدد,N
>,N
مایلی,N
اینجا,N
است,F
,
بعدش,N
در,N
راستای,N
خط,N
مقدم,N
حرکت,N
کنید,F
تا,N
جوخه,N
یورکس,N
رو,C
پیدا,N
کنید,F
,
خدا,N
اور,N
لوک,N
هتل,N
امکانات,N
بیشتری,N
داشت,F
نسبت,N
به,N
اینجا,N
,
گردان,N
دوم,N
قراره,C
فردا,N
اندکی,N
پس,N
از,N
طلوع,N
آفتاب,N
حمله,N
کنند,F
,
عالیه,N
آخرین,N
خونه,C
ای,N
که,N
دیدیم,N
چند,F
مایل,N
عقبتر,N
بود,N
,
و,N
با,N
کمک,N
تو,N
میخوام,C
این,N
روند,N
رو,C
حفظ,N
کنه,C
,
بخش,N
نه,N
و,N
ده,N
آماده,N
باشن,C
,
در,N
این,N
امید,N
بودم,N
که,N
امروز,N
بالاخره,N
همه,N
چه,F
تمام,F
می‌شود,F
,
خب,N
تو,N
که,N
از,N
ترسناک,N
بودن,N
حرف,N
می‌زدی,N
,
منظورم,N
این,N
هست,F
که,N
اینکارت,N
خیلی,N
سکسی,N
و,N
جذابه,C
,
ولی,N
فقط,N
برای‌اینکه,F
لباسامو,C
پس,N
بگیرم,N
,
به,N
تلگراف,N
دوم,N
که,N
رسیدین,C
مواظب,N
خندق,N
باشین,C
,
من,N
با,N
دنیل,N
هیچ,N
کاری,N
ندارم,N
,
عقلشون,C
را,F
از,N
دست,F
دادن؟,C
,
برید,C
عقب,N
برگردید,F
به,N
جوخه,N
هاتون,C
برگردید,F
مواظب,N
باشید,F
,
مستقیم,N
بروید,F
و,N
بعد,N
بپیچید,F
سمت,N
چپ,N
و,N
از,N
لاشه,N
اسب‌ها,F
رد,N
بشوید,F
,
بلیک,N
کدومتونه؟,C
منم,C
قربان,N
,
تو,N
یک,F
منحرف,N
کوچولوی,C
لعنتی,N
هستی,F
,
سیم,N
ها,F
داغون,N
شدن,C
اما,N
یه,C
راهی,N
هست,F
یه,C
جورایی,C
,
فقط,N
میگم,C
که,N
باید,N
صبر,F
کنیم,N
,
احتمالا,N
این,N
بلا,N
را,F
سرش,N
آورده,N
و,N
ماشینش,N
را,F
دزدیده,N
,
با,N
یک,F
کاپیتان,N
فرانسوی,N
تاختش,N
زدم,N
,
لااقل,N
از,N
اصلاً,F
برنگشتن,N
بهتر,N
هست,F
,
قرار,N
بود,N
چند,F
هفته,N
ی,N
پیش,N
انجامش,N
بدیم,C
گفته,N
بودن,C
واسه,C
کریسمس,N
برمی‌گردیم,N
خونه,C
,
خط,N
آلمانی,N
<,N
عدد,N
>,N
متر,N
اونوتره,C
,
هات‌داگ,N
تاریخ,N
مصرف,N
گذشته,N
خوردم,N
,
یک,F
پیام,N
اضطراری,N
برای,F
گردان,N
دوم,N
دوونز,N
دارم,N
,
از,N
کجا,N
آوردیش؟,C
به,N
تو,N
مربوط,N
نیست,F
,
چقدر,F
طول,N
میکشه,C
پونزده,C
کیلومتر,N
رو,C
بریم,C
شش,N
ساعت؟,N
حداکثر,N
هشت,N
ساعت,N
,
چرا؟,N
چون,N
می‌دانی,F
من,N
شرط,N
را,F
می‌برم؟,N
,
چندتا,F
از,N
این,N
خونه,C
ها,F
داشت؟,F
,
بعضی,N
وقت,N
ها,F
اجازه,N
می‌دهد,F
از,N
اینجا,N
برویم,F
بیرون,N
,
من,N
یک,F
آدمیم,C
اسپرم,N
تو,N
درون,N
رحم,N
امه,C
,
ولی,N
ما,N
این,N
همه,N
کار,N
باحال,N
انجام,N
دادیم,N
,
این,N
حمله,N
باید,N
متوقف,N
بشود,F
به,N
شما,N
دستور,N
داده‌شده,N
متوقفش,N
کنید,F
,
میرم,C
خونه,C
تا,N
مادرم,N
رو,C
ببینم,N
,
رابطه,N
را,F
تمیز,N
بهم,C
بزنم,N
این,N
آخر,N
هفته,N
سکس,N
کنم,N
,
از,N
طرف,N
ژنرال,N
ارینمور,N
پیغام,N
داریم,N
,
من,N
با,N
دنیل,N
هیچ,N
کاری,N
ندارم,N
,
چه,F
هست؟,F
گوشت,N
سگ,N
آلمانی,N
,
به,N
سوی,N
رود,N
اردن,N
خواهم,F
رفت,F
,
فقط,N
دارم,N
می‌روم,F
اردن,N
,
اون,C
فکر,F
میکنه,C
که,N
خودش,N
اونها,C
رو,C
وادار,N
به,N
عقب,N
نشینی,N
کرده,N
,
نباید,N
این,N
جنگ,N
ادامه,N
پیدا,N
کنه,C
به,N
من,N
دستور,N
داده,N
شده,N
جلوش,C
رو,C
بگیرم,N
,
آه,N
کلی,N
داد,N
و,N
بیداد,N
کرد,N
کلی,N
سروصدا,N
راه,N
انداخت,F
,
خب,N
الان,N
جریان,N
از,N
چه,N
قرار,N
هست,F
گروهبان؟,N
,
باید,N
بروم,F
پیش,N
دوونز,N
دوم,N
بعد,N
ایکوست,N
,
زمانی,N
که,N
فهمیدم,N
دیگه,C
نمیتونم,C
بمونم,C
و,N
مجبورم,C
برگردم,N
,
و,N
گردان,N
دوم,N
دوون,N
در,N
حال,N
پیشروی,N
به,N
اینجا,N
است,F
,
طوری,N
نیست,F
خوب,N
میشی,C
باید,N
پاشی,C
,
آخرین,N
پایمرد,N
,
حدسم,N
این,N
هست,F
یک,F
آدم,N
خوب,N
برای,F
کمک,N
به,N
آن,F
ایستاده,N
,
جوخه,N
<,N
عدد,N
>,N
یک‌دقیقه,N
دیگر,F
,
نه,N
وقتی,N
سنگ‌ها,F
بپوسن,C
دوباره,N
رشد,N
می‌کنند,F
,
یعنی,F
این,N
الان,N
ادای,N
سروان,N
بولفوی,N
بود؟,N
,
همه,N
چی,C
رو,C
فراموش,N
کنم,N
,
من,N
فقط,N
دارم,N
میگم,C
صبر,F
کنیم,N
,
حداقل,N
میتونستن,C
مثل,F
آدمیزاد,N
عقب,N
نشینی,N
کنن,C
,
تو,N
که,N
آنجا,F
خوب,N
خدمت,N
کردی,N
حداقل,N
مدالت,N
را,F
به,N
سینت,C
بزن,N
,
اینجا,N
چیزی,N
برای,F
تو,N
نیست,F
خواهش,N
میکنم,N
,
انریمور,N
گفت,F
که,N
باید,N
سریع,N
بریم,C
,
ما,N
باید,N
در,N
موردش,N
فکر,F
کنیم,N
,
<,N
عدد,N
>,N
متر,N
اونورتر,C
داخل,N
سنگره,C
,
چیکار,C
میکنی؟,N
باید,N
جلوی,N
این,N
حمله,N
رو,C
بگیرم,N
,
سرهنگ,N
منورها,F
رو,C
دیدیم,N
افراد,N
جبهه,N
چپی,N
,
هیچ,N
معبری,N
نیست,F
قربان؟,N
جایی,N
که,N
بپریم,N
داخلش,N
و,N
برویم؟,F
,
آدم,N
ها,F
برای,F
اون,C
جون,C
دادن,C
,
آره,C
تو,N
را,F
دیدم,N
پدر,N
مادرم,N
هم,N
احتمالا,N
دیدنت,C
,
باید,N
برم,C
پیش,N
دوونز,N
دوم,N
بعد,N
ایکوست,N
,
فقط,N
وقتی,N
میام,C
بیرون,N
که,N
کلر,N
رو,C
آزاد,N
کنی,N
,
درون,N
این,N
دنیای,N
اندوه,N
بار,N
رهسپارم,C
,
سربازها,F
وضعیت,N
سلاحتون,C
مایه,N
ی,N
شرم,N
ارتش,N
کل,N
کشوره,C
,
میرم,C
خونه,C
تا,N
مادرم,N
رو,C
ببینم,N
,
ای,N
کاش,N
موشه,C
رو,C
با,N
تیر,N
زده,N
بودم,N
,
زنده,N
است,F
تا,N
جایی,N
که,N
میدونم,C
,
لاشه,N
ها,N
بدردبخورن,C
چون,N
اگه,C
تاریک,N
باشه,C
میشه,C
بوشون,C
رو,C
دنبال,N
کرد,N
,
به,N
نظرت,N
چی,N
توی,C
کیسه,N
هاست؟,C
,
این,N
کار,N
را,F
به,N
خاطر,N
بچه‌ها,N
نمی‌کنی,N
,
نظری,N
نداری,N
چه,N
کلکی؟,N
نه,N
,
و,N
در,N
ردیف,N
جلویی,N
باشی؟,N
,
زنده,N
است,F
تا,N
آن,F
جایی,N
که,N
می‌دانم,F
,
به,N
جنگل,N
کروسیل,N
میرم,C
,
به,N
شرط,N
بندی,N
مون,C
فیصله,N
بده,N
امروز,N
چه,N
روزی,N
ه؟,C
,
ظاهرا,N
متروکه,N
هست,F
امیدوارم,N
باشد,F
,
چی,N
داری,N
اونجا؟,C
ساندویچ,N
,
از,N
اینجا,N
میره,C
سمت,N
در,N
,
خوب,N
اگر,F
تمومه,C
چرا,N
به,N
خودمان,F
زحمت,N
بدیم؟,C
,
نه,N
کمی,N
برای,F
آن,F
آب,N
بیاور,F
آب,N
می‌خواهد,F
,
نکند,F
دارم,N
اذیتت,N
می‌کنم,N
,
هیچی,N
مثل,F
یک,F
مدال,N
یک,F
بیوه,N
را,F
خوشحال,N
نمی‌کند,F
,
تو,N
برادرت,N
یک,F
ستوان,N
درون,N
گردان,N
دوم,N
دونز,N
هست؟,F
,
و,N
خط,N
مقدم,N
آلمانها,F
<,N
عدد,N
>,N
یارد,N
بعد,N
از,N
آن,F
شکافه,C
,
خب,N
می‌شود,F
از,N
بقیه,N
بپرسی؟,N
,
قرار,N
نیست,F
تا,N
غروب,N
یا,N
مه,N
صبر,F
کنم,N
,
حتی,N
موش,N
هاشونم,C
بزرگتر,F
از,N
مال,N
ماست,C
,
<,N
عدد,N
>,N
مترم,N
نمی‌توانیم,F
در,N
آن,F
پیشروی,N
کنیم,N
اگر,F
صبر,F
کنیم,N
بهتر,N
هست,F