به,N,,,,,,,,,
نیروی,N,,,,,,,,,
امداد,N,,,,,,,,,
بگید,C,,,,,,,,,
به,N,,,,,,,,,
زخمی,N,,,,,,,,,
ها,F,,,,,,,,,
رسیدگی,N,,,,,,,,,
کنند,F,,,,,,,,,
,,,,,,,,,,
و,N,,,,,,,,,
اگر,F,,,,,,,,,
بنا,C,,,,,,,,,
به,N,,,,,,,,,
یه,C,,,,,,,,,
معجزه,N,,,,,,,,,
زنده,N,,,,,,,,,
موندید,C,,,,,,,,,
یه,C,,,,,,,,,
منور,N,,,,,,,,,
هوا,N,,,,,,,,,
کنید,F,,,,,,,,,
,,,,,,,,,,
دستور,N,,,,,,,,,
توقف,N,,,,,,,,,
حمله,N,,,,,,,,,
فردا,N,,,,,,,,,
صبح,F,,,,,,,,,
,,,,,,,,,,
خودت,N,,,,,,,,,
شنیدی,N,,,,,,,,,
چه,F,,,,,,,,,
گفت,F,,,,,,,,,
گفت,F,,,,,,,,,
آلمانی‌ها,F,,,,,,,,,
از,N,,,,,,,,,
آنجا,F,,,,,,,,,
رفتن,C,,,,,,,,,
,,,,,,,,,,
پل,N,,,,,,,,,
بعدی,N,,,,,,,,,
<,N,,,,,,,,,
عدد,N,,,,,,,,,
>,N,,,,,,,,,
کیلومتر,N,,,,,,,,,
دورتره,C,,,,,,,,,
باید,N,,,,,,,,,
از,N,,,,,,,,,
یه,C,,,,,,,,,
مسیر,N,,,,,,,,,
دیگه,C,,,,,,,,,
بریم,C,,,,,,,,,
,,,,,,,,,,
جوخه,N,,,,,,,,,
<,N,,,,,,,,,
عدد,N,,,,,,,,,
>,N,,,,,,,,,
یه,C,,,,,,,,,
دقیقه,N,,,,,,,,,
دیگه,C,,,,,,,,,
,,,,,,,,,,
باید,N,,,,,,,,,
یه,C,,,,,,,,,
جنگل,N,,,,,,,,,
در,N,,,,,,,,,
سمت,N,,,,,,,,,
جنوب,N,,,,,,,,,
شرقی,N,,,,,,,,,
پیدا,N,,,,,,,,,
کنم,N,,,,,,,,,
,,,,,,,,,,
تو,N,,,,,,,,,
رو,C,,,,,,,,,
خدا,N,,,,,,,,,
چرا,N,,,,,,,,,
منو,C,,,,,,,,,
انتخاب,N,,,,,,,,,
کردی؟,N,,,,,,,,,
,,,,,,,,,,
نقشه,N,,,,,,,,,
چراغ,N,,,,,,,,,
قوه,N,,,,,,,,,
نارنجک,N,,,,,,,,,
و,N,,,,,,,,,
چندتا,F,,,,,,,,,
آذوقه,N,,,,,,,,,
کوچیک,C,,,,,,,,,
,,,,,,,,,,
اگر,F,,,,,,,,,
نتونید,C,,,,,,,,,
این,N,,,,,,,,,
را,F,,,,,,,,,
برسانید,F,,,,,,,,,
یک,F,,,,,,,,,
قتل‌عام,N,,,,,,,,,
رخ,N,,,,,,,,,
می‌دهد,F,,,,,,,,,
,,,,,,,,,,
الان,N,,,,,,,,,
مثلاً,N,,,,,,,,,
ادای,N,,,,,,,,,
فرمانده,N,,,,,,,,,
بیوفوی,N,,,,,,,,,
را,F,,,,,,,,,
درآوردی؟,N,,,,,,,,,
,,,,,,,,,,
یا,N,,,,,,,,,
سوار,N,,,,,,,,,
تمام,F,,,,,,,,,
ترن‌های,F,,,,,,,,,
هوایی,N,,,,,,,,,
بروکلین؟,N,,,,,,,,,
,,,,,,,,,,
هفته,N,,,,,,,,,
ی,N,,,,,,,,,
دیگه,C,,,,,,,,,
همین,N,,,,,,,,,
روز,N,,,,,,,,,
ناهار,N,,,,,,,,,
جوج,C,,,,,,,,,
میزنی,N,,,,,,,,,
,,,,,,,,,,
من,N,,,,,,,,,
مدت,N,,,,,,,,,
طولانی‌ای,N,,,,,,,,,
اینجام,C,,,,,,,,,
بعضی,N,,,,,,,,,
وقت,N,,,,,,,,,
ها,F,,,,,,,,,
حس,N,,,,,,,,,
می‌کنم,N,,,,,,,,,
که,N,,,,,,,,,
,,,,,,,,,,
خندق,N,,,,,,,,,
های,F,,,,,,,,,
خودشون,C,,,,,,,,,
رو,C,,,,,,,,,
هم,N,,,,,,,,,
نابود,N,,,,,,,,,
کردن,C,,,,,,,,,
,,,,,,,,,,
باید,N,,,,,,,,,
راه,N,,,,,,,,,
خروجی,N,,,,,,,,,
از,N,,,,,,,,,
اینجا,N,,,,,,,,,
وجود,N,,,,,,,,,
داشته,N,,,,,,,,,
باشد,F,,,,,,,,,
,,,,,,,,,,
قبل,N,,,,,,,,,
از,N,,,,,,,,,
این,N,,,,,,,,,
که,N,,,,,,,,,
ازدواج,N,,,,,,,,,
کنیم,N,,,,,,,,,
,,,,,,,,,,
آلمانی,N,,,,,,,,,
هایی,F,,,,,,,,,
که,N,,,,,,,,,
تیر,N,,,,,,,,,
زیاد,N,,,,,,,,,
دارن,C,,,,,,,,,
حرومزاده,C,,,,,,,,,
ها,F,,,,,,,,,
,,,,,,,,,,
اون,C,,,,,,,,,
منور,N,,,,,,,,,
کیری,C,,,,,,,,,
رو,C,,,,,,,,,
شلیک,N,,,,,,,,,
کن,N,,,,,,,,,
,,,,,,,,,,
حداقل,N,,,,,,,,,
بهتر,N,,,,,,,,,
از,N,,,,,,,,,
تو,N,,,,,,,,,
حرف,N,,,,,,,,,
می‌زند,F,,,,,,,,,
کوک,N,,,,,,,,,
,,,,,,,,,,
محض,N,,,,,,,,,
رضای,N,,,,,,,,,
خدا,N,,,,,,,,,
پسر,N,,,,,,,,,
برو,N,,,,,,,,,
و,N,,,,,,,,,
کاپیتان,N,,,,,,,,,
را,F,,,,,,,,,
ببین,N,,,,,,,,,
,,,,,,,,,,
بدانجا,F,,,,,,,,,
خواهم,F,,,,,,,,,
رفت,F,,,,,,,,,
تا,N,,,,,,,,,
پدرم,N,,,,,,,,,
را,F,,,,,,,,,
ببینم,N,,,,,,,,,
,,,,,,,,,,
سه‌ساله,C,,,,,,,,,
داریم,N,,,,,,,,,
سرش,N,,,,,,,,,
می‌جنگیم,N,,,,,,,,,
,,,,,,,,,,
وقتی,N,,,,,,,,,
از,N,,,,,,,,,
دومین,N,,,,,,,,,
سیم‌خاردار,N,,,,,,,,,
رد,N,,,,,,,,,
شدین,C,,,,,,,,,
دنبال,N,,,,,,,,,
مرد,N,,,,,,,,,
خموده,N,,,,,,,,,
بگردید,F,,,,,,,,,
,,,,,,,,,,
یک,F,,,,,,,,,
نفر,N,,,,,,,,,
را,F,,,,,,,,,
می‌فرستم,N,,,,,,,,,
که,N,,,,,,,,,
زخم‌هات,C,,,,,,,,,
را,F,,,,,,,,,
ببیند,N,,,,,,,,,
,,,,,,,,,,
از,N,,,,,,,,,
آنجا,F,,,,,,,,,
رد,N,,,,,,,,,
میشید,C,,,,,,,,,
,,,,,,,,,,
احتمالا,N,,,,,,,,,
نزدیک‌های,F,,,,,,,,,
پیچ,N,,,,,,,,,
بعدی,N,,,,,,,,,
باشند,F,,,,,,,,,
,,,,,,,,,,
و,N,,,,,,,,,
اینکه,N,,,,,,,,,
روزای,N,,,,,,,,,
روز,N,,,,,,,,,
هیچ,N,,,,,,,,,
غذایی,N,,,,,,,,,
از,N,,,,,,,,,
اون,C,,,,,,,,,
دریچه,N,,,,,,,,,
بیرون,N,,,,,,,,,
نیاد,C,,,,,,,,,
,,,,,,,,,,
و,N,,,,,,,,,
شاید,N,,,,,,,,,
دیگه,C,,,,,,,,,
هیچوقت,N,,,,,,,,,
منو,C,,,,,,,,,
نبینن,C,,,,,,,,,
,,,,,,,,,,
پس,N,,,,,,,,,
چه,N,,,,,,,,,
اتفاقی,N,,,,,,,,,
برای,F,,,,,,,,,
آن,F,,,,,,,,,
افتاده؟,N,,,,,,,,,
چرا,N,,,,,,,,,
برای,F,,,,,,,,,
تو,N,,,,,,,,,
مهم,N,,,,,,,,,
هست؟,F,,,,,,,,,
,,,,,,,,,,
بوش,C,,,,,,,,,
مثل,F,,,,,,,,,
لباس,N,,,,,,,,,
زیر,N,,,,,,,,,
قدیمه,C,,,,,,,,,
,,,,,,,,,,
باید,N,,,,,,,,,
با,N,,,,,,,,,
خودت,N,,,,,,,,,
می‌بردیش,N,,,,,,,,,
خانه,F,,,,,,,,,
,,,,,,,,,,
تو,N,,,,,,,,,
فقط,N,,,,,,,,,
می‌خواهی,F,,,,,,,,,
این,N,,,,,,,,,
اطراف,N,,,,,,,,,
بنشینی,F,,,,,,,,,
,,,,,,,,,,
چیه؟,C,,,,,,,,,
کی,N,,,,,,,,,
آخرین,N,,,,,,,,,
نفر,N,,,,,,,,,
اومد,C,,,,,,,,,
بیرون؟,N,,,,,,,,,
,,,,,,,,,,
باید,N,,,,,,,,,
بروم,F,,,,,,,,,
پیش,N,,,,,,,,,
دوونز,N,,,,,,,,,
دوم,N,,,,,,,,,
بعد,N,,,,,,,,,
ایکوست,N,,,,,,,,,
,,,,,,,,,,
تو,N,,,,,,,,,
هم,N,,,,,,,,,
کاش,N,,,,,,,,,
یک,F,,,,,,,,,
ابله,N,,,,,,,,,
دیگر,F,,,,,,,,,
را,F,,,,,,,,,
با,N,,,,,,,,,
خودت,N,,,,,,,,,
میوردی,C,,,,,,,,,
,,,,,,,,,,
بیدار,N,,,,,,,,,
شو,N,,,,,,,,,
کیلگور,N,,,,,,,,,
بی,N,,,,,,,,,
مصرف,N,,,,,,,,,
احمق,N,,,,,,,,,
,,,,,,,,,,
نقشه,N,,,,,,,,,
تا,N,,,,,,,,,
بتوانی,F,,,,,,,,,
دروغ,N,,,,,,,,,
شدن,N,,,,,,,,,
را,F,,,,,,,,,
بگیری,N,,,,,,,,,
,,,,,,,,,,
گردان,N,,,,,,,,,
نیوفندلند,N,,,,,,,,,
پیشروی,N,,,,,,,,,
کردند,F,,,,,,,,,
و,N,,,,,,,,,
درخواست,N,,,,,,,,,
پشتیبانی,N,,,,,,,,,
کردند,F,,,,,,,,,
,,,,,,,,,,
می‌شود,F,,,,,,,,,
از,N,,,,,,,,,
کنارش,N,,,,,,,,,
رد,N,,,,,,,,,
شد؟,N,,,,,,,,,
,,,,,,,,,,
راننده,N,,,,,,,,,
چطور,N,,,,,,,,,
هست,F,,,,,,,,,
برای,F,,,,,,,,,
یبارم,C,,,,,,,,,
شده,N,,,,,,,,,
برای,F,,,,,,,,,
تنوع,N,,,,,,,,,
درون,N,,,,,,,,,
مسیر,N,,,,,,,,,
رانندگی,N,,,,,,,,,
کنی؟,N,,,,,,,,,
,,,,,,,,,,
جایی,N,,,,,,,,,
که,N,,,,,,,,,
خدا,N,,,,,,,,,
رستگار,N,,,,,,,,,
کرده,N,,,,,,,,,
درش,C,,,,,,,,,
به,N,,,,,,,,,
خواب,N,,,,,,,,,
ابدی,N,,,,,,,,,
فرو,N,,,,,,,,,
خواهم,F,,,,,,,,,
رفت,F,,,,,,,,,
,,,,,,,,,,
احتمالا,N,,,,,,,,,
این,N,,,,,,,,,
بلا,N,,,,,,,,,
را,F,,,,,,,,,
سرش,N,,,,,,,,,
آورده,N,,,,,,,,,
و,N,,,,,,,,,
ماشینش,N,,,,,,,,,
را,F,,,,,,,,,
دزدیده,N,,,,,,,,,
,,,,,,,,,,
دارم,N,,,,,,,,,
از,N,,,,,,,,,
حالگیری,C,,,,,,,,,
تو,N,,,,,,,,,
لذت,N,,,,,,,,,
می‌برم,N,,,,,,,,,
,,,,,,,,,,
آخرین,N,,,,,,,,,
پایمرد,N,,,,,,,,,
,,,,,,,,,,
اگر,F,,,,,,,,,
اوکی,C,,,,,,,,,
بودن,C,,,,,,,,,
می‌توانند,F,,,,,,,,,
بعدش,N,,,,,,,,,
فقلمم,C,,,,,,,,,
ببینند,F,,,,,,,,,
,,,,,,,,,,
می‌روم,F,,,,,,,,,
تا,N,,,,,,,,,
عزیزان,N,,,,,,,,,
و,N,,,,,,,,,
از,N,,,,,,,,,
دست,F,,,,,,,,,
دادگانم,N,,,,,,,,,
را,F,,,,,,,,,
ببینم,N,,,,,,,,,
,,,,,,,,,,
من,N,,,,,,,,,
یک,F,,,,,,,,,
مسافر,N,,,,,,,,,
غریبه,N,,,,,,,,,
هستم,F,,,,,,,,,
,,,,,,,,,,
هستند,F,,,,,,,,,
سرزمین‌هایی,F,,,,,,,,,
که,N,,,,,,,,,
پستاندارن,N,,,,,,,,,
زندگی,N,,,,,,,,,
می‌کنند,F,,,,,,,,,
,,,,,,,,,,
اینطوری,C,,,,,,,,,
نیست,F,,,,,,,,,
لطفا,N,,,,,,,,,
سربازهاتون,F,,,,,,,,,
را,F,,,,,,,,,
نفرستید,F,,,,,,,,,
,,,,,,,,,,
دوستم,F,,,,,,,,,
رو,C,,,,,,,,,
اذیت,N,,,,,,,,,
میکنه,C,,,,,,,,,
مولی,N,,,,,,,,,
,,,,,,,,,,
سرجوخه,N,,,,,,,,,
بلیک,N,,,,,,,,,
و,N,,,,,,,,,
اسکوفیلد,N,,,,,,,,,
قربان,N,,,,,,,,,
,,,,,,,,,,
روی,N,,,,,,,,,
لیوان,N,,,,,,,,,
شراب,N,,,,,,,,,
لکه,N,,,,,,,,,
رژ,N,,,,,,,,,
لب,N,,,,,,,,,
بود,N,,,,,,,,,
,,,,,,,,,,
سلام,N,,,,,,,,,
شما,N,,,,,,,,,
امی,N,,,,,,,,,
هستید,F,,,,,,,,,
از,N,,,,,,,,,
شرکت,N,,,,,,,,,
واکی,N,,,,,,,,,
سوآپ؟,N,,,,,,,,,
,,,,,,,,,,
گردوخاک,N,,,,,,,,,
خیلی,N,,,,,,,,,
گردوخاک,N,,,,,,,,,
رفته,N,,,,,,,,,
توی,C,,,,,,,,,
چشم,N,,,,,,,,,
م,N,,,,,,,,,
,,,,,,,,,,
حوا,N,,,,,,,,,
است,F,,,,,,,,,
به,N,,,,,,,,,
خط,N,,,,,,,,,
الراس,N,,,,,,,,,
باشد,F,,,,,,,,,
,,,,,,,,,,
عالی,N,,,,,,,,,
شد,N,,,,,,,,,
آخرین,N,,,,,,,,,
خونه,C,,,,,,,,,
کیلومترها,F,,,,,,,,,
عقب,N,,,,,,,,,
تر,N,,,,,,,,,
بود,N,,,,,,,,,
,,,,,,,,,,
مادرم,N,,,,,,,,,
باغ,N,,,,,,,,,
داره,C,,,,,,,,,
فقط,N,,,,,,,,,
چندتا,F,,,,,,,,,
درختن,C,,,,,,,,,
,,,,,,,,,,
تعطیلات,N,,,,,,,,,
بهار,N,,,,,,,,,
سال,N,,,,,,,,,
پیش,N,,,,,,,,,
رفتیم,N,,,,,,,,,
فلوریدا,N,,,,,,,,,
,,,,,,,,,,
جایی,N,,,,,,,,,
برای,F,,,,,,,,,
نگرانی,N,,,,,,,,,
نیست,F,,,,,,,,,
هیچ,N,,,,,,,,,
کس,N,,,,,,,,,
جلوتون,N,,,,,,,,,
نخواهد,N,,,,,,,,,
بود,N,,,,,,,,,
,,,,,,,,,,
خب,N,,,,,,,,,
با,N,,,,,,,,,
آن,F,,,,,,,,,
کار,N,,,,,,,,,
مدال,N,,,,,,,,,
ت,N,,,,,,,,,
به,N,,,,,,,,,
راه,N,,,,,,,,,
هست,F,,,,,,,,,
دیگر,F,,,,,,,,,
,,,,,,,,,,
اما,N,,,,,,,,,
زمین,N,,,,,,,,,
های,F,,,,,,,,,
طلایی,N,,,,,,,,,
را,F,,,,,,,,,
در,N,,,,,,,,,
پیش,N,,,,,,,,,
دارم,N,,,,,,,,,
,,,,,,,,,,
نیروی,N,,,,,,,,,
جایگزین,N,,,,,,,,,
هستید؟,F,,,,,,,,,
نه,N,,,,,,,,,
قربان,N,,,,,,,,,
,,,,,,,,,,
آره,C,,,,,,,,,
دیدمت,N,,,,,,,,,
پدر,N,,,,,,,,,
و,N,,,,,,,,,
مادرم,N,,,,,,,,,
هم,N,,,,,,,,,
احتمالا,N,,,,,,,,,
دیدنت,C,,,,,,,,,
,,,,,,,,,,
فکر,F,,,,,,,,,
کنم,N,,,,,,,,,
باید,N,,,,,,,,,
یه,C,,,,,,,,,
دکتر,N,,,,,,,,,
بری,C,,,,,,,,,
,,,,,,,,,,
سه,N,,,,,,,,,
مایل,N,,,,,,,,,
عمق,N,,,,,,,,,
استحکامات,N,,,,,,,,,
میدانی,N,,,,,,,,,
تجهیزات,N,,,,,,,,,
دفاعی,N,,,,,,,,,
توپخانه,F,,,,,,,,,
,,,,,,,,,,
تنها,N,,,,,,,,,
راه,N,,,,,,,,,
ورود,N,,,,,,,,,
و,N,,,,,,,,,
خروج,N,,,,,,,,,
از,N,,,,,,,,,
اینجا,N,,,,,,,,,
پنجره,N,,,,,,,,,
هست,F,,,,,,,,,
,,,,,,,,,,
چند,F,,,,,,,,,
عدد,N,,,,,,,,,
سرباز,N,,,,,,,,,
آلمانی,N,,,,,,,,,
که,N,,,,,,,,,
از,N,,,,,,,,,
گردانشون,C,,,,,,,,,
عقب‌افتاده,N,,,,,,,,,
بودن,C,,,,,,,,,
برای,F,,,,,,,,,
ما,N,,,,,,,,,
دردسرساز,N,,,,,,,,,
شدن,C,,,,,,,,,
,,,,,,,,,,
که,N,,,,,,,,,
در,N,,,,,,,,,
این,N,,,,,,,,,
دنیای,N,,,,,,,,,
پرمحنت,N,,,,,,,,,
گمگشته‌ام,N,,,,,,,,,
,,,,,,,,,,
باید,N,,,,,,,,,
صبر,F,,,,,,,,,
کنی,N,,,,,,,,,
تا,N,,,,,,,,,
گردان,N,,,,,,,,,
اول,N,,,,,,,,,
بیاد,C,,,,,,,,,
,,,,,,,,,,
اگر,F,,,,,,,,,
به,N,,,,,,,,,
هر,N,,,,,,,,,
طریقی,N,,,,,,,,,
به,N,,,,,,,,,
سرهنگ,N,,,,,,,,,
مک,N,,,,,,,,,
کنزی,N,,,,,,,,,
رسیدی,N,,,,,,,,,
,,,,,,,,,,
ولی,N,,,,,,,,,
مطمئنا,N,,,,,,,,,
قراره,C,,,,,,,,,
گند,N,,,,,,,,,
بزنن,C,,,,,,,,,
به,N,,,,,,,,,
آخر,N,,,,,,,,,
هفته,N,,,,,,,,,
مون,C,,,,,,,,,
,,,,,,,,,,
ولی,N,,,,,,,,,
اگر,F,,,,,,,,,
می‌خواهی,F,,,,,,,,,
برویم,F,,,,,,,,,
یک,F,,,,,,,,,
هتل,N,,,,,,,,,
مسخره,N,,,,,,,,,
تو,N,,,,,,,,,
شهر,N,,,,,,,,,
,,,,,,,,,,
در,N,,,,,,,,,
آن,F,,,,,,,,,
سرزمین,N,,,,,,,,,
تابناکی,N,,,,,,,,,
که,N,,,,,,,,,
رهسپارش,N,,,,,,,,,
هستم,F,,,,,,,,,
وجود,N,,,,,,,,,
ندارد,F,,,,,,,,,
,,,,,,,,,,
فکر,F,,,,,,,,,
کنم,N,,,,,,,,,
این,N,,,,,,,,,
زیادی,N,,,,,,,,,
اسون,C,,,,,,,,,
باشد,F,,,,,,,,,
,,,,,,,,,,
بنظر,N,,,,,,,,,
<,N,,,,,,,,,
عدد,N,,,,,,,,,
>,N,,,,,,,,,
مایل,N,,,,,,,,,
عقبتر,N,,,,,,,,,
در,N,,,,,,,,,
این,N,,,,,,,,,
نقطه,N,,,,,,,,,
یه,C,,,,,,,,,
خط,N,,,,,,,,,
جدید,N,,,,,,,,,
ساختن,C,,,,,,,,,
,,,,,,,,,,
اونجا,C,,,,,,,,,
سنگر,N,,,,,,,,,
هست,F,,,,,,,,,
قربان؟,N,,,,,,,,,
یا,N,,,,,,,,,
جایی,N,,,,,,,,,
که,N,,,,,,,,,
بشه,C,,,,,,,,,
ازش,N,,,,,,,,,
پایین,N,,,,,,,,,
پرید؟,N,,,,,,,,,
,,,,,,,,,,
تاحالا,N,,,,,,,,,
چاه,N,,,,,,,,,
دستشویی,F,,,,,,,,,
به,N,,,,,,,,,
این,N,,,,,,,,,
مزخرفی,N,,,,,,,,,
ندیدم,N,,,,,,,,,
,,,,,,,,,,
ما,N,,,,,,,,,
گمونم,C,,,,,,,,,
دو,N,,,,,,,,,
به,N,,,,,,,,,
یکه,C,,,,,,,,,
,,,,,,,,,,
یادته,C,,,,,,,,,
چه,N,,,,,,,,,
بوی,N,,,,,,,,,
بدی,N,,,,,,,,,
راه,N,,,,,,,,,
افتاده,N,,,,,,,,,
بود؟,N,,,,,,,,,
,,,,,,,,,,
پوششی,N,,,,,,,,,
هست,F,,,,,,,,,
قربان؟,N,,,,,,,,,
جایی,N,,,,,,,,,
که,N,,,,,,,,,
بشود,F,,,,,,,,,
از,N,,,,,,,,,
او,F,,,,,,,,,
حمله,N,,,,,,,,,
کرد؟,N,,,,,,,,,
,,,,,,,,,,
آب,N,,,,,,,,,
داغ,N,,,,,,,,,
باز,N,,,,,,,,,
هم,N,,,,,,,,,
کار,N,,,,,,,,,
نمی‌کند,F,,,,,,,,,
,,,,,,,,,,
من,N,,,,,,,,,
می‌روم,F,,,,,,,,,
با,N,,,,,,,,,
آن,F,,,,,,,,,
صحبت,N,,,,,,,,,
کنم,N,,,,,,,,,
اصلاً,F,,,,,,,,,
کار,N,,,,,,,,,
جالبی,N,,,,,,,,,
نکرده,N,,,,,,,,,
,,,,,,,,,,
سرباز,N,,,,,,,,,
بلیک,N,,,,,,,,,
در,N,,,,,,,,,
راه,N,,,,,,,,,
نجات,N,,,,,,,,,
هم,N,,,,,,,,,
رزمش,N,,,,,,,,,
,,,,,,,,,,
میدونم,C,,,,,,,,,
راه,N,,,,,,,,,
سخت,N,,,,,,,,,
و,N,,,,,,,,,
پردردسری,N,,,,,,,,,
دارم,N,,,,,,,,,
,,,,,,,,,,
یعنی,F,,,,,,,,,
من,N,,,,,,,,,
اصلاً,F,,,,,,,,,
حرفی,N,,,,,,,,,
درون,N,,,,,,,,,
این,N,,,,,,,,,
قضیه,N,,,,,,,,,
ندارم,N,,,,,,,,,
نه؟,N,,,,,,,,,
,,,,,,,,,,
در,N,,,,,,,,,
خط,N,,,,,,,,,
مقدم,N,,,,,,,,,
به,N,,,,,,,,,
پیش,N,,,,,,,,,
بروید,F,,,,,,,,,
تا,N,,,,,,,,,
جوخه,N,,,,,,,,,
یورکس,N,,,,,,,,,
را,F,,,,,,,,,
پیدا,N,,,,,,,,,
کنید,F,,,,,,,,,
,,,,,,,,,,
میدانم,F,,,,,,,,,
که,N,,,,,,,,,
مسیرم,N,,,,,,,,,
سخت,N,,,,,,,,,
و,N,,,,,,,,,
دشوار,N,,,,,,,,,
خواهد,F,,,,,,,,,
بود,N,,,,,,,,,
,,,,,,,,,,
مولی,N,,,,,,,,,
تو,N,,,,,,,,,
کالج,N,,,,,,,,,
منم,C,,,,,,,,,
سال,N,,,,,,,,,
آخرم,N,,,,,,,,,
,,,,,,,,,,
دنیل,N,,,,,,,,,
من,N,,,,,,,,,
وسایلتو,C,,,,,,,,,
برنداشتم,N,,,,,,,,,
باور,N,,,,,,,,,
کن,N,,,,,,,,,
,,,,,,,,,,
ارتش,N,,,,,,,,,
آلمان,N,,,,,,,,,
یه,C,,,,,,,,,
کلکی,N,,,,,,,,,
توی,C,,,,,,,,,
کارشه,C,,,,,,,,,
,,,,,,,,,,
سرجوخه,N,,,,,,,,,
بلیک,N,,,,,,,,,
در,N,,,,,,,,,
راه,N,,,,,,,,,
نجات,N,,,,,,,,,
همرزشم,N,,,,,,,,,
شجاعتی,N,,,,,,,,,
ستودنی,N,,,,,,,,,
از,N,,,,,,,,,
خود,N,,,,,,,,,
نشان,F,,,,,,,,,
داد,N,,,,,,,,,
و,N,,,,,,,,,
او,F,,,,,,,,,
را,F,,,,,,,,,
از,N,,,,,,,,,
مرگ,N,,,,,,,,,
حتمی,N,,,,,,,,,
نجات,N,,,,,,,,,
داد,N,,,,,,,,,
,,,,,,,,,,
اگر,F,,,,,,,,,
نتونید,C,,,,,,,,,
این,N,,,,,,,,,
را,F,,,,,,,,,
برسانید,F,,,,,,,,,
یک,F,,,,,,,,,
قتل‌عام,N,,,,,,,,,
رخ,N,,,,,,,,,
می‌دهد,F,,,,,,,,,
,,,,,,,,,,
ما,N,,,,,,,,,
گروهان,N,,,,,,,,,
دلتا,N,,,,,,,,,
هستیم,F,,,,,,,,,
شب,N,,,,,,,,,
کلاً,N,,,,,,,,,
داشتیم,N,,,,,,,,,
سنگر,N,,,,,,,,,
می‌کندیم,N,,,,,,,,,
,,,,,,,,,,
چه,N,,,,,,,,,
خبره,N,,,,,,,,,
پسر,N,,,,,,,,,
کوچولو,C,,,,,,,,,
امضاش,C,,,,,,,,,
کن,N,,,,,,,,,
,,,,,,,,,,
یه,C,,,,,,,,,
شکاف,N,,,,,,,,,
کوچیک,C,,,,,,,,,
درست,F,,,,,,,,,
پشتش,N,,,,,,,,,
هست,F,,,,,,,,,
,,,,,,,,,,
تو,N,,,,,,,,,
چه,F,,,,,,,,,
می‌دانی,F,,,,,,,,,
به,N,,,,,,,,,
زور,N,,,,,,,,,
انگلیسی,N,,,,,,,,,
حرف,N,,,,,,,,,
می‌زنی,N,,,,,,,,,
,,,,,,,,,,
بهتره,C,,,,,,,,,
حداقل,N,,,,,,,,,
صبر,F,,,,,,,,,
کنیم,N,,,,,,,,,
هوا,N,,,,,,,,,
تاریک,N,,,,,,,,,
بشه,C,,,,,,,,,
,,,,,,,,,,
متنفرم,N,,,,,,,,,
از,N,,,,,,,,,
اینکه,N,,,,,,,,,
اینها,F,,,,,,,,,
بیفته,C,,,,,,,,,
دست,F,,,,,,,,,
آلمانها,F,,,,,,,,,
پس,N,,,,,,,,,
وقتی,N,,,,,,,,,
به,N,,,,,,,,,
سمتتون,C,,,,,,,,,
تیراندازی,N,,,,,,,,,
کردن,C,,,,,,,,,
,,,,,,,,,,
چه,F,,,,,,,,,
کار,N,,,,,,,,,
داری,N,,,,,,,,,
می‌کنی؟,N,,,,,,,,,
باید,N,,,,,,,,,
جلوی,N,,,,,,,,,
این,N,,,,,,,,,
حمله,N,,,,,,,,,
را,F,,,,,,,,,
بگیرم,N,,,,,,,,,
,,,,,,,,,,
فکر,F,,,,,,,,,
می‌کردم,N,,,,,,,,,
می‌خواهند,F,,,,,,,,,
ما,N,,,,,,,,,
را,F,,,,,,,,,
برای,F,,,,,,,,,
پشتیبانی,N,,,,,,,,,
یا,N,,,,,,,,,
غذا,N,,,,,,,,,
و,N,,,,,,,,,
آذوقه,N,,,,,,,,,
بفرستند,F,,,,,,,,,
,,,,,,,,,,
هی,N,,,,,,,,,
راننده,N,,,,,,,,,
چطور,N,,,,,,,,,
هست,F,,,,,,,,,
بجای,C,,,,,,,,,
اینکارا,C,,,,,,,,,
یکمم,C,,,,,,,,,
سعی,N,,,,,,,,,
کنی,N,,,,,,,,,
درون,N,,,,,,,,,
جاده,N,,,,,,,,,
حرکت,N,,,,,,,,,
کنی,N,,,,,,,,,
,,,,,,,,,,
یک,F,,,,,,,,,
تکه,F,,,,,,,,,
قلع,N,,,,,,,,,
نیست,F,,,,,,,,,
روش,C,,,,,,,,,
نوار,N,,,,,,,,,
هم,N,,,,,,,,,
هست,F,,,,,,,,,
,,,,,,,,,,
پس,N,,,,,,,,,
تا,N,,,,,,,,,
زمان,N,,,,,,,,,
غروب,N,,,,,,,,,
آفتاب,N,,,,,,,,,
وقت,N,,,,,,,,,
داریم,N,,,,,,,,,
,,,,,,,,,,
مثل,F,,,,,,,,,
خر,N,,,,,,,,,
ترسیدم,N,,,,,,,,,
فکر,F,,,,,,,,,
کردم,N,,,,,,,,,
خونوادتن,C,,,,,,,,,
,,,,,,,,,,
عیبی,N,,,,,,,,,
نداره,C,,,,,,,,,
خودم,N,,,,,,,,,
بهش,C,,,,,,,,,
گفتم,N,,,,,,,,,
که,N,,,,,,,,,
میتونه,C,,,,,,,,,
,,,,,,,,,,
از,N,,,,,,,,,
منطقه,N,,,,,,,,,
بی,N,,,,,,,,,
طرف,N,,,,,,,,,
خارج,N,,,,,,,,,
از,N,,,,,,,,,
باکوم,N,,,,,,,,,
رد,N,,,,,,,,,
شدیم,N,,,,,,,,,
,,,,,,,,,,
برود,F,,,,,,,,,
توکیو,N,,,,,,,,,
آن,F,,,,,,,,,
گروهبان,N,,,,,,,,,
,,,,,,,,,,
کنارش,N,,,,,,,,,
یه,C,,,,,,,,,
راه,N,,,,,,,,,
کوچیک,C,,,,,,,,,
هست,F,,,,,,,,,
,,,,,,,,,,
آخه,C,,,,,,,,,
از,N,,,,,,,,,
کجا,N,,,,,,,,,
تو,N,,,,,,,,,
اینا,C,,,,,,,,,
رو,C,,,,,,,,, 
میدونی؟,N,,,,,,,,,
,,,,,,,,,,
اکثر,N,,,,,,,,,
بچه,N,,,,,,,,,
ها,F,,,,,,,,,
میلشون,C,,,,,,,,,
رو,C,,,,,,,,,
توی,C,,,,,,,,,
<,N,,,,,,,,,
عدد,N,,,,,,,,,
>,N,,,,,,,,,
<,N,,,,,,,,,
عدد,N,,,,,,,,,
>,N,,,,,,,,,
سالگی,N,,,,,,,,,
نشون,C,,,,,,,,,
میدن,C,,,,,,,,,
,,,,,,,,,,
<,N,,,,,,,,,
>,N,,,,,,,,,
فقط,M,,,,,,,,,
میروم,F,,,,,,,,,
به,N,,,,,,,,,
اردن,N,,,,,,,,,
<,N,,,,,,,,,
>,N,,,,,,,,,
,,,,,,,,,,
لاشه,N,,,,,,,,,
ها,N,,,,,,,,,
مفیدن,C,,,,,,,,,
چون,N,,,,,,,,,
موقع,N,,,,,,,,,
تاریکی,N,,,,,,,,,
میشه,C,,,,,,,,,
بوی,N,,,,,,,,,
اونا,C,,,,,,,,,
رو,C,,,,,,,,,
دنبال,N,,,,,,,,,
کرد,N,,,,,,,,,
,,,,,,,,,,
بخوام,C,,,,,,,,,
از,N,,,,,,,,,
همچین,C,,,,,,,,,
آدمی,N,,,,,,,,,
خرید,N,,,,,,,,,
کنم,N,,,,,,,,,
,,,,,,,,,,
مردان,N,,,,,,,,,
زیادی,N,,,,,,,,,
برای,F,,,,,,,,,
این,N,,,,,,,,,
مردن,C,,,,,,,,,
,,,,,,,,,,
میخوام,C,,,,,,,,,
خیلی,N,,,,,,,,,
سریع,N,,,,,,,,,
برید,C,,,,,,,,,
بالا,N,,,,,,,,,
متوجهید؟,C,,,,,,,,,
متوجهید,C,,,,,,,,,
یا,N,,,,,,,,,
نه؟,N,,,,,,,,,
,,,,,,,,,,
امربر,N,,,,,,,,,
رو,C,,,,,,,,,
احضار,N,,,,,,,,,
کنین,C,,,,,,,,,
به,N,,,,,,,,,
زخمی,N,,,,,,,,,
ها,F,,,,,,,,,
برسین,C,,,,,,,,,
,,,,,,,,,,
وقتی,N,,,,,,,,,
گفت,F,,,,,,,,,
که,N,,,,,,,,,
اون,C,,,,,,,,,
منو,C,,,,,,,,,
دزدید,N,,,,,,,,,
حامله,N,,,,,,,,,
بودم,N,,,,,,,,,
,,,,,,,,,,
ولی,N,,,,,,,,,
فک,C,,,,,,,,,
میکنم,N,,,,,,,,,
خیلیا,C,,,,,,,,,
این,N,,,,,,,,,
حرفو,C,,,,,,,,,
میزنن,C,,,,,,,,,
چون,N,,,,,,,,,
,,,,,,,,,,
به,N,,,,,,,,,
تو,N,,,,,,,,,
نمی‌خورد,F,,,,,,,,,
اینقدر,C,,,,,,,,,
گرسنه,N,,,,,,,,,
باشی,N,,,,,,,,,
,,,,,,,,,,
رفیق,N,,,,,,,,,
چه,F,,,,,,,,,
داری,N,,,,,,,,,
می‌گویی؟,F,,,,,,,,,
راستش,N,,,,,,,,,
را,F,,,,,,,,,
دارم,N,,,,,,,,,
میگم,C,,,,,,,,,
,,,,,,,,,,
بی,N,,,,,,,,,
خیال,N,,,,,,,,,
این,N,,,,,,,,,
شماره,N,,,,,,,,,
هفته,C,,,,,,,,,
,,,,,,,,,,
من,N,,,,,,,,,
یک,F,,,,,,,,,
جنین,N,,,,,,,,,
با,N,,,,,,,,,
اسپرم,N,,,,,,,,,
تو,N,,,,,,,,,
درون,N,,,,,,,,,
بدنم,N,,,,,,,,,
دارم,N,,,,,,,,,
,,,,,,,,,,
خب,N,,,,,,,,,
خودش,N,,,,,,,,,
این,N,,,,,,,,,
پایین,N,,,,,,,,,
میاد؟,C,,,,,,,,,
,,,,,,,,,,
آنها,F,,,,,,,,,
با,N,,,,,,,,,
الکی,N,,,,,,,,,
به,N,,,,,,,,,
دریا,N,,,,,,,,,
رفتند,F,,,,,,,,,
,,,,,,,,,,
زودباشین,C,,,,,,,,,
بچه,N,,,,,,,,,
ها,F,,,,,,,,,
برا,C,,,,,,,,,
آخرین,N,,,,,,,,,
بار,N,,,,,,,,,
آره,C,,,,,,,,,
یک,F,,,,,,,,,
دو,N,,,,,,,,,
سه,N,,,,,,,,,
,,,,,,,,,,
فکرنمیکنم,F,,,,,,,,,
اونقدرا,C,,,,,,,,,
هم,N,,,,,,,,,
گرسنه,N,,,,,,,,,
باشی,N,,,,,,,,,
,,,,,,,,,,
لعنت,N,,,,,,,,,
به,N,,,,,,,,,
آن,F,,,,,,,,,
باز,N,,,,,,,,,
چه,F,,,,,,,,,
شده؟,N,,,,,,,,,
نگو,N,,,,,,,,,
یک,F,,,,,,,,,
درخت,N,,,,,,,,,
دیگر,F,,,,,,,,,
است,F,,,,,,,,,
,,,,,,,,,,
هل,N,,,,,,,,,
نده,N,,,,,,,,,
پس,N,,,,,,,,,
برو,N,,,,,,,,,
کنار,N,,,,,,,,,
,,,,,,,,,,
آدم,N,,,,,,,,,
ها,F,,,,,,,,,
برای,F,,,,,,,,,
اون,C,,,,,,,,,
جون,C,,,,,,,,,
دادن,C,,,,,,,,,
,,,,,,,,,,
منظورم,N,,,,,,,,,
این,N,,,,,,,,,
هست,F,,,,,,,,,
عزیزم,N,,,,,,,,,
اصلاً,F,,,,,,,,,
تاحالا,N,,,,,,,,,
این,N,,,,,,,,,
ملافه‌ها,N,,,,,,,,,
را,F,,,,,,,,,
عوض,N,,,,,,,,,
کردند,F,,,,,,,,,
,,,,,,,,,,
کل,N,,,,,,,,,
سنگر,N,,,,,,,,,
دارد,F,,,,,,,,,
فرومیریزد,F,,,,,,,,,
زودباش,N,,,,,,,,,
برویم,F,,,,,,,,,
,,,,,,,,,,
زودباشین,C,,,,,,,,,
بچه,N,,,,,,,,,
ها,F,,,,,,,,,
اون,C,,,,,,,,,
یه,C,,,,,,,,,
تیر,N,,,,,,,,,
به,N,,,,,,,,,
پاش,C,,,,,,,,,
خورده,N,,,,,,,,,
,,,,,,,,,,
با,N,,,,,,,,,
یه,C,,,,,,,,,
شب,N,,,,,,,,,
آروم,C,,,,,,,,,
و,N,,,,,,,,,
مقامات,N,,,,,,,,,
فکر,F,,,,,,,,,
کردن,C,,,,,,,,,
هانی,N,,,,,,,,,
ها,F,,,,,,,,,
رفتن,C,,,,,,,,,
خونه؟,C,,,,,,,,,
,,,,,,,,,,
انگار,N,,,,,,,,,
دیگه,C,,,,,,,,,
هیچ,N,,,,,,,,,
چیز,F,,,,,,,,,
بیرون,N,,,,,,,,,
از,N,,,,,,,,,
اینجا,N,,,,,,,,,
وجود,N,,,,,,,,,
نداره,C,,,,,,,,,
,,,,,,,,,,
تمام,F,,,,,,,,,
هفته,N,,,,,,,,,
اخم,N,,,,,,,,,
کنی,N,,,,,,,,,
یا,N,,,,,,,,,
می‌خواهی,F,,,,,,,,,
خوش,N,,,,,,,,,
بگذرانی؟,C,,,,,,,,,
,,,,,,,,,,
نه,N,,,,,,,,,
من,N,,,,,,,,,
نمی‌توانم,F,,,,,,,,,
با,N,,,,,,,,,
مولی,N,,,,,,,,,
و,N,,,,,,,,,
دنیل,N,,,,,,,,,
باشم,N,,,,,,,,,
,,,,,,,,,,
نگاه,N,,,,,,,,,
تو,N,,,,,,,,,
برو,N,,,,,,,,,
سرگرمشون,C,,,,,,,,,
کن,N,,,,,,,,,
,,,,,,,,,,
دستور,N,,,,,,,,,
از,N,,,,,,,,,
طرف,N,,,,,,,,,
ژنرال,N,,,,,,,,,
فقط,N,,,,,,,,,
بگذار,F,,,,,,,,,
من,N,,,,,,,,,
بروم,F,,,,,,,,,
,,,,,,,,,,
به,N,,,,,,,,,
سوی,N,,,,,,,,,
رود,N,,,,,,,,,
اردن,N,,,,,,,,,
خواهم,F,,,,,,,,,
رفت,F,,,,,,,,,
,,,,,,,,,,
هی,N,,,,,,,,,
سرسختی‌ات,N,,,,,,,,,
را,F,,,,,,,,,
تحسین,N,,,,,,,,,
می‌کنم,N,,,,,,,,,
بچه,N,,,,,,,,,
,,,,,,,,,,
وقتی,N,,,,,,,,,
برای,F,,,,,,,,,
آن,F,,,,,,,,,
نامه,N,,,,,,,,,
نوشت,N,,,,,,,,,
همه‌اش,F,,,,,,,,,
از,N,,,,,,,,,
کمبود,N,,,,,,,,,
وسایل,N,,,,,,,,,
استحمام,N,,,,,,,,,
ناله,N,,,,,,,,,
کرد,N,,,,,,,,,
,,,,,,,,,,
مکن,F,,,,,,,,,
مجبور,N,,,,,,,,,
بشوی,F,,,,,,,,,
یخورده,C,,,,,,,,,
جمع‌و‌جور,N,,,,,,,,,
بنشینی,F,,,,,,,,,
,,,,,,,,,,
اگه,C,,,,,,,,,
این,N,,,,,,,,,
نامه,N,,,,,,,,,
بهشون,C,,,,,,,,,
نرسه,C,,,,,,,,,
حمام,F,,,,,,,,,
خون,N,,,,,,,,,
راه,N,,,,,,,,,
میوفته,C,,,,,,,,,
,,,,,,,,,,
کل,N,,,,,,,,,
شب,N,,,,,,,,,
طول,N,,,,,,,,,
کشید,N,,,,,,,,,
,,,,,,,,,,
با,N,,,,,,,,,
یک,F,,,,,,,,,
فرمانده,N,,,,,,,,,
فرانسوی,N,,,,,,,,,
عوضش,N,,,,,,,,,
کردم,N,,,,,,,,,
,,,,,,,,,,
تو,N,,,,,,,,,
که,N,,,,,,,,,
از,N,,,,,,,,,
نیروهای,F,,,,,,,,,
ما,N,,,,,,,,,
نیستی,F,,,,,,,,,
خیر,N,,,,,,,,,
قربان,N,,,,,,,,,
,,,,,,,,,,
برادرت,N,,,,,,,,,
رو,C,,,,,,,,,
باید,N,,,,,,,,,
پیدا,N,,,,,,,,,
کنیم,N,,,,,,,,,
باید,N,,,,,,,,,
همین,N,,,,,,,,,
الان,N,,,,,,,,,
بریم,C,,,,,,,,,
,,,,,,,,,,
پوششی,N,,,,,,,,,
هست,F,,,,,,,,,
قربان؟,N,,,,,,,,,
جایی,N,,,,,,,,,
که,N,,,,,,,,,
از,N,,,,,,,,,
او,F,,,,,,,,,
بپریم؟,N,,,,,,,,,
,,,,,,,,,,
این,N,,,,,,,,,
حمله,N,,,,,,,,,
نباید,N,,,,,,,,,
انجام,N,,,,,,,,,
بشود,F,,,,,,,,,
دستور,N,,,,,,,,,
توقف,N,,,,,,,,,
به,N,,,,,,,,,
شما,N,,,,,,,,,
داده‌شده,N,,,,,,,,,
,,,,,,,,,,
دو,N,,,,,,,,,
شب,N,,,,,,,,,
پیش,N,,,,,,,,,
دخلشون,C,,,,,,,,,
را,F,,,,,,,,,
آوردن,C,,,,,,,,,
,,,,,,,,,,
بلیک,N,,,,,,,,,
اگر,F,,,,,,,,,
باهوش,N,,,,,,,,,
نباشیم,N,,,,,,,,,
به,N,,,,,,,,,
برادرت,N,,,,,,,,,
نمی‌رسیم,N,,,,,,,,,
,,,,,,,,,,
دنیل,N,,,,,,,,,
قسم,N,,,,,,,,,
می‌خورم,N,,,,,,,,,
من,N,,,,,,,,,
برش,C,,,,,,,,,
نداشتم,N,,,,,,,,,
,,,,,,,,,,
فک,C,,,,,,,,,
میکنی,N,,,,,,,,,
داری,N,,,,,,,,,
کجا,N,,,,,,,,,
میری؟,C,,,,,,,,,
,,,,,,,,,,
بیا,N,,,,,,,,,
کمی,N,,,,,,,,,
از,N,,,,,,,,,
مال,N,,,,,,,,,
من,N,,,,,,,,,
بخور,N,,,,,,,,,
,,,,,,,,,,
ما,N,,,,,,,,,
از,N,,,,,,,,,
سمت,N,,,,,,,,,
اکو,N,,,,,,,,,
است, F,,,,,,,,,
می‌رویم,F,,,,,,,,,
تا,N,,,,,,,,,
یک,F,,,,,,,,,
جایی,N,,,,,,,,,
از,N,,,,,,,,,
مسیر,N,,,,,,,,,
می‌توانیم,F,,,,,,,,,
تو,N,,,,,,,,,
را,F,,,,,,,,,
ببریم,N,,,,,,,,,
,,,,,,,,,,
ولی,N,,,,,,,,,
بخاطر,N,,,,,,,,,
اینکه,N,,,,,,,,,
حال,N,,,,,,,,,
خودتو,C,,,,,,,,,
خوب,N,,,,,,,,,
کنی,N,,,,,,,,,
با,N,,,,,,,,,
برادر,N,,,,,,,,,
من,N,,,,,,,,,
لاس,N,,,,,,,,,
نزن,N,,,,,,,,,
,,,,,,,,,,
خیلی,N,,,,,,,,,
خوب,N,,,,,,,,,
صبحانه,F,,,,,,,,,
برای,F,,,,,,,,,
شام,N,,,,,,,,,
,,,,,,,,,,
ببین,N,,,,,,,,,
مادربزرگ,N,,,,,,,,,
هیچ‌چیز,F,,,,,,,,,
از,N,,,,,,,,,
این,N,,,,,,,,,
بدتر,N,,,,,,,,,
نیست,F,,,,,,,,,
,,,,,,,,,,
متقاعد,N,,,,,,,,,
شده,N,,,,,,,,,
که,N,,,,,,,,,
تو,N,,,,,,,,,
چنگشونه,C,,,,,,,,,
,,,,,,,,,,
ارینمور,N,,,,,,,,,
باید,N,,,,,,,,,
سریع,N,,,,,,,,,
حرکت,N,,,,,,,,,
کنیم,N,,,,,,,,,
,,,,,,,,,,
کل,N,,,,,,,,,
آن,F,,,,,,,,,
را,F,,,,,,,,,
می‌ریزد,F,,,,,,,,,
روی,N,,,,,,,,,
سرش,N,,,,,,,,,
و,N,,,,,,,,,
می‌خوابد,F,,,,,,,,,
,,,,,,,,,,
پس,N,,,,,,,,,
من,N,,,,,,,,,
همینجا,N,,,,,,,,,
پیاده,N,,,,,,,,,
میشم,C,,,,,,,,,
موفق,N,,,,,,,,,
باشین,C,,,,,,,,,
,,,,,,,,,,
تو,N,,,,,,,,,
یک,F,,,,,,,,,
منحرف,N,,,,,,,,,
کوچولوی,C,,,,,,,,,
لعنتی,N,,,,,,,,,
هستی,F,,,,,,,,,
,,,,,,,,,,
فردا,N,,,,,,,,,
وقتی,N,,,,,,,,,
می‌آیم,F,,,,,,,,,
دنبالت,N,,,,,,,,,
آن,F,,,,,,,,,
را,F,,,,,,,,,
ببینم؟,N,,,,,,,,,
,,,,,,,,,,
دوتاشون,C,,,,,,,,,
را,F,,,,,,,,,
بسختی,N,,,,,,,,,
برگرداندیم,F,,,,,,,,,
ولی,N,,,,,,,,,
فایده‌ای,N,,,,,,,,,
نداشت,F,,,,,,,,,
,,,,,,,,,,
وقتی,N,,,,,,,,,
برای,F,,,,,,,,,
آن,F,,,,,,,,,
نامه,N,,,,,,,,,
نوشت,N,,,,,,,,,
همه‌اش,F,,,,,,,,,
از,N,,,,,,,,,
کمبود,N,,,,,,,,,
وسایل,N,,,,,,,,,
استحمام,N,,,,,,,,,
ناله,N,,,,,,,,,
کرد,N,,,,,,,,,
,,,,,,,,,,
ماموریت,N,,,,,,,,,
داریم,N,,,,,,,,,
فقط,N,,,,,,,,,
بگذار,F,,,,,,,,,
بروم,F,,,,,,,,,
,,,,,,,,,,
چیزی,N,,,,,,,,,
نیست,F,,,,,,,,,
خوب,N,,,,,,,,,
می‌شه,C,,,,,,,,,
الآن,N,,,,,,,,,
بلند,N,,,,,,,,,
می‌شیم,C,,,,,,,,,
,,,,,,,,,,
نه,N,,,,,,,,,
تو,N,,,,,,,,,
کسی,N,,,,,,,,,
را,F,,,,,,,,,
می‌خواهی,F,,,,,,,,,
که,N,,,,,,,,,
تحسینت,N,,,,,,,,,
کند,F,,,,,,,,,
,,,,,,,,,,
ببین,N,,,,,,,,,
تو,N,,,,,,,,,
<,N,,,,,,,,,
عدد,N,,,,,,,,,
>,N,,,,,,,,,
هفته,N,,,,,,,,,
برای,F,,,,,,,,,
تمام,F,,,,,,,,,
کردنش,N,,,,,,,,,
وقت,N,,,,,,,,,
داری,N,,,,,,,,,
,,,,,,,,,,
یکی,N,,,,,,,,,
نیست,F,,,,,,,,,
بگه,C,,,,,,,,,
لااقل,N,,,,,,,,,
مثل,F,,,,,,,,,
بچه,N,,,,,,,,,
آدم,N,,,,,,,,,
عقب,N,,,,,,,,,
نشینی,N,,,,,,,,,
میکردید,F,,,,,,,,,
حرومزاده,C,,,,,,,,,
ها,N,,,,,,,,,
,,,,,,,,,,
سرجوخه‌ها,N,,,,,,,,,
هر,N,,,,,,,,,
کاری,N,,,,,,,,,
که,N,,,,,,,,,
می‌کنید,F,,,,,,,,,
نباید,N,,,,,,,,,
ضوابط,N,,,,,,,,,
را,F,,,,,,,,,
زیر,N,,,,,,,,,
پا,N,,,,,,,,,
بگذارید,F,,,,,,,,,
,,,,,,,,,,
به,N,,,,,,,,,
افراد,N,,,,,,,,,
بگو,N,,,,,,,,,
پیشروی,N,,,,,,,,,
نکنن,C,,,,,,,,,
بله,N,,,,,,,,,
قربان,N,,,,,,,,,
,,,,,,,,,,
تا‌جایی‌که,N,,,,,,,,,
من,N,,,,,,,,,
می‌دانم,F,,,,,,,,,
زنده,N,,,,,,,,,
است,F,,,,,,,,,
,,,,,,,,,,
باید,N,,,,,,,,,
از,N,,,,,,,,,
یک,F,,,,,,,,,
جای,N,,,,,,,,,
دیگر,F,,,,,,,,,
خرید,N,,,,,,,,,
می‌کردیم,N,,,,,,,,,
,,,,,,,,,,
و,N,,,,,,,,,
مستقیم,N,,,,,,,,,
به,N,,,,,,,,,
جنگل,N,,,,,,,,,
کروزیل,N,,,,,,,,,
می‌روم,F,,,,,,,,,
,,,,,,,,,,
هنگ,N,,,,,,,,,
نیوفاندلندز,N,,,,,,,,,
درحال,N,,,,,,,,,
پیشرویه,C,,,,,,,,,
و,N,,,,,,,,,
درخواست,N,,,,,,,,,
نیروی,N,,,,,,,,,
کمکی,N,,,,,,,,,
کرده,N,,,,,,,,,
,,,,,,,,,,
نمی‌خواهم,F,,,,,,,,,
این‌ها,F,,,,,,,,,
را,F,,,,,,,,,
هان,N,,,,,,,,,
بگیرد,F,,,,,,,,,
پس,N,,,,,,,,,
وقتی,N,,,,,,,,,
به,N,,,,,,,,,
شما,N,,,,,,,,,
شلیک,N,,,,,,,,,
کردند,F,,,,,,,,,
,,,,,,,,,,
باید,N,,,,,,,,,
بیخیال,N,,,,,,,,,
بشین,C,,,,,,,,,
نباید,N,,,,,,,,,
حمله,N,,,,,,,,,
کنین,C,,,,,,,,,
,,,,,,,,,,
وقتی,N,,,,,,,,,
می‌گویند,F,,,,,,,,,
همه,N,,,,,,,,,
چه,N,,,,,,,,,
مساوی,N,,,,,,,,,
بافاصله,N,,,,,,,,,
پیاده‌روی,N,,,,,,,,,
,,,,,,,,,,
این,N,,,,,,,,,
هیچ‌وقت,N,,,,,,,,,
دیگر,F,,,,,,,,,
نمی‌تواند,F,,,,,,,,,
اتفاق,N,,,,,,,,,
بیافتد,F,,,,,,,,,
,,,,,,,,,,
با,N,,,,,,,,,
یک,F,,,,,,,,,
غربال,N,,,,,,,,,
به,N,,,,,,,,,
دریا,N,,,,,,,,,
زدند,F,,,,,,,,,
,,,,,,,,,,
مرتیکه,N,,,,,,,,,
عوضی,N,,,,,,,,,
زد,N,,,,,,,,,
گروهبانمون,C,,,,,,,,,
را,F,,,,,,,,,
انداخت,F,,,,,,,,,
این,N,,,,,,,,,
مرد,N,,,,,,,,,
زخمیه,C,,,,,,,,,
,,,,,,,,,,
باشد,F,,,,,,,,,
اصلاً,F,,,,,,,,,
فرض,N,,,,,,,,,
می‌کنیم,N,,,,,,,,,
که,N,,,,,,,,,
آلمان‌ها,F,,,,,,,,,
رفتن,C,,,,,,,,,
,,,,,,,,,,
پس,N,,,,,,,,,
چه,N,,,,,,,,,
اتفاقی,N,,,,,,,,,
برای,F,,,,,,,,,
آن,F,,,,,,,,,
افتاد؟,N,,,,,,,,,
چرا,N,,,,,,,,,
برای,F,,,,,,,,,
تو,N,,,,,,,,,
اهمیت,N,,,,,,,,,
دارد؟,F,,,,,,,,,
,,,,,,,,,,
عکسهای,F,,,,,,,,,
هوایی,N,,,,,,,,,
نشان,F,,,,,,,,,
می‌دهند,F,,,,,,,,,
که,N,,,,,,,,,
,,,,,,,,,,
باهوشن,C,,,,,,,,,
می‌دانند,F,,,,,,,,,
اگر,F,,,,,,,,,
گاوها,F,,,,,,,,,
را,F,,,,,,,,,
نکشند,F,,,,,,,,,
ما,N,,,,,,,,,
ایشان,F,,,,,,,,,
را,F,,,,,,,,,
میخوریم,N,,,,,,,,,
,,,,,,,,,,
احتمالا,N,,,,,,,,,
نزدیک‌های,F,,,,,,,,,
پیچ,N,,,,,,,,,
بعدی,N,,,,,,,,,
باشند,F,,,,,,,,,
,,,,,,,,,,
اگر,F,,,,,,,,,
می‌توانی,F,,,,,,,,,
حرکت,N,,,,,,,,,
کنی,N,,,,,,,,,
برو,N,,,,,,,,,
به,N,,,,,,,,,
منطقه,N,,,,,,,,,
تریاژ,N,,,,,,,,,
,,,,,,,,,,
چون,N,,,,,,,,,
تا,N,,,,,,,,,
هوا,N,,,,,,,,,
تاریک,N,,,,,,,,,
نشود,F,,,,,,,,,
نمی‌توانیم,F,,,,,,,,,
بیایم,F,,,,,,,,,
دنبالتان,F,,,,,,,,,
,,,,,,,,,,
اوه,N,,,,,,,,,
نه,N,,,,,,,,,
آن,F,,,,,,,,,
ها,N,,,,,,,,,
باز,N,,,,,,,,,
هم,F,,,,,,,,,
رشد,N,,,,,,,,,
می‌کنند,F,,,,,,,,,
وقتی,N,,,,,,,,,
دونه‌هاشون,C,,,,,,,,,
دوباره,N,,,,,,,,,
جوانه,F,,,,,,,,,
بزند,F,,,,,,,,,
,,,,,,,,,,
عقلشون,C,,,,,,,,,
رو,C,,,,,,,,,
از,N,,,,,,,,,
دست,F,,,,,,,,,
دادن؟,C,,,,,,,,,
,,,,,,,,,,
ابیگل,N,,,,,,,,,
تو,N,,,,,,,,,
واقعاً,N,,,,,,,,,
منو,C,,,,,,,,,
سفت,N,,,,,,,,,
بغل,N,,,,,,,,,
می‌گیری,N,,,,,,,,,
,,,,,,,,,,
که,N,,,,,,,,,
در,N,,,,,,,,,
این,N,,,,,,,,,
دنیای,N,,,,,,,,,
غم,N,,,,,,,,,
بار,N,,,,,,,,,
رهسپارم,C,,,,,,,,,
,,,,,,,,,,
درون,N,,,,,,,,,
کامیون,N,,,,,,,,,
سربازهای,F,,,,,,,,,
موقت,N,,,,,,,,,
جا,N,,,,,,,,,
هست,F,,,,,,,,,
قربان,N,,,,,,,,,
,,,,,,,,,,
ببین,N,,,,,,,,,
دفعه,F,,,,,,,,,
آخری,N,,,,,,,,,
که,N,,,,,,,,,
آلمانی,N,,,,,,,,,
ها,F,,,,,,,,,
عقب,N,,,,,,,,,
نشینی,N,,,,,,,,,
کردن,C,,,,,,,,,
عاقبت,N,,,,,,,,,
خوشی,N,,,,,,,,,
نداشت,F,,,,,,,,,
,,,,,,,,,,
ورودیش,N,,,,,,,,,
خیلی,N,,,,,,,,,
باریکه,C,,,,,,,,,
هیچکس,N,,,,,,,,,
هم,N,,,,,,,,,
صدامون,C,,,,,,,,,
رو,C,,,,,,,,,
نمیشنوه,C,,,,,,,,,
,,,,,,,,,,
به,N,,,,,,,,,
یه,C,,,,,,,,,
نفر,N,,,,,,,,,
بگو,N,,,,,,,,,
به,N,,,,,,,,,
زخمت,N,,,,,,,,,
رسیدگی,N,,,,,,,,,
کنه,C,,,,,,,,,
,,,,,,,,,,
اوه,N,,,,,,,,,
محض,N,,,,,,,,,
رضای,N,,,,,,,,,
خدا,N,,,,,,,,,
جابه,N,,,,,,,,,
جاش,C,,,,,,,,,
کنید,F,,,,,,,,,
دیگه,C,,,,,,,,,
,,,,,,,,,,
امکان,N,,,,,,,,,
ندارد,F,,,,,,,,,
آن‌قدر,F,,,,,,,,,
گرسنه,N,,,,,,,,,
باشی,N,,,,,,,,,
,,,,,,,,,,
گروهان,N,,,,,,,,,
دی,N,,,,,,,,,
راه,N,,,,,,,,,
بیوفتید,C,,,,,,,,,
,,,,,,,,,,
من,N,,,,,,,,,
می‌روم,F,,,,,,,,,
با,N,,,,,,,,,
آن,F,,,,,,,,,
صحبت,N,,,,,,,,,
کنم,N,,,,,,,,,
اصلاً,F,,,,,,,,,
کار,N,,,,,,,,,
جالبی,N,,,,,,,,,
نکرده,N,,,,,,,,,
,,,,,,,,,,
نه,N,,,,,,,,,
از,N,,,,,,,,,
اینجا,N,,,,,,,,,
خوشم,N,,,,,,,,,
نمی‌آید,F,,,,,,,,,
,,,,,,,,,,
بیدار,N,,,,,,,,,
شو,N,,,,,,,,,
کیلگور,N,,,,,,,,,
بی‌مصرف,N,,,,,,,,,
آشغال,N,,,,,,,,,
,,,,,,,,,,
ولی,N,,,,,,,,,
یک,F,,,,,,,,,
مرد,N,,,,,,,,,
جواب,N,,,,,,,,,
می‌دهد,F,,,,,,,,,
,,,,,,,,,,
مردان,N,,,,,,,,,
زیادی,N,,,,,,,,,
برای,F,,,,,,,,,
این,N,,,,,,,,,
مردن,C,,,,,,,,,
,,,,,,,,,,
خط,N,,,,,,,,,
آلمانی,N,,,,,,,,,
<,N,,,,,,,,,
عدد,N,,,,,,,,,
>,N,,,,,,,,,
متر,N,,,,,,,,,
اونوتره,C,,,,,,,,,
,,,,,,,,,,
چیزی,N,,,,,,,,,
نیست,F,,,,,,,,,
چیزی,N,,,,,,,,,
ت,N,,,,,,,,,
نیست,F,,,,,,,,,
ثابت,N,,,,,,,,,
بمون,C,,,,,,,,,
بی‌حرکت,N,,,,,,,,,
بمون,C,,,,,,,,,
,,,,,,,,,,
واسه,C,,,,,,,,,
خودت,N,,,,,,,,,
و,N,,,,,,,,,
بچه,N,,,,,,,,,
,,,,,,,,,,
عقب‌نشینی,N,,,,,,,,,
کنید,F,,,,,,,,,
بله,N,,,,,,,,,
قربان,N,,,,,,,,,
,,,,,,,,,,
درون,N,,,,,,,,,
این,N,,,,,,,,,
دنیای,N,,,,,,,,,
اندوه,N,,,,,,,,,
بار,N,,,,,,,,,
رهسپارم,C,,,,,,,,,
,,,,,,,,,,
نظری,N,,,,,,,,,
نداری,N,,,,,,,,,
چه,N,,,,,,,,,
کلکی؟,N,,,,,,,,,
نه,N,,,,,,,,,
,,,,,,,,,,
و,N,,,,,,,,,
اگر,F,,,,,,,,,
معجزه,N,,,,,,,,,
شد,N,,,,,,,,,
و,N,,,,,,,,,
جان,F,,,,,,,,,
سالم,N,,,,,,,,,
به,N,,,,,,,,,
دربردید,F,,,,,,,,,
با,N,,,,,,,,,
منور,N,,,,,,,,,
علامت,N,,,,,,,,,
بدید,C,,,,,,,,,
,,,,,,,,,,
کدام,F,,,,,,,,,
یک,F,,,,,,,,,
از,N,,,,,,,,,
شما,N,,,,,,,,,
بلیک,N,,,,,,,,,
هست؟,F,,,,,,,,,
منم,C,,,,,,,,,
قربان,N,,,,,,,,,
,,,,,,,,,,
حتی,N,,,,,,,,,
از,N,,,,,,,,,
قبل,N,,,,,,,,,
تعداد,N,,,,,,,,,
درختهای,F,,,,,,,,,
بیشتری,N,,,,,,,,,
می‌شوند,F,,,,,,,,,
,,,,,,,,,,
باشد,F,,,,,,,,,
می‌شود,F,,,,,,,,,
رسیدیم,N,,,,,,,,,
آنجا,F,,,,,,,,,
یک,F,,,,,,,,,
فرصتی,N,,,,,,,,,
به,N,,,,,,,,,
ایشان,F,,,,,,,,,
بدی؟,N,,,,,,,,,
,,,,,,,,,,
ولی,N,,,,,,,,,
بعضیا,F,,,,,,,,,
فقط,N,,,,,,,,,
تشنه,N,,,,,,,,,
خونند,C,,,,,,,,,
,,,,,,,,,,
قربان,N,,,,,,,,,
خواهش,N,,,,,,,,,
می‌کنم,N,,,,,,,,,
نامه,N,,,,,,,,,
را,F,,,,,,,,,
بخوانید,F,,,,,,,,,
همه‌اش,F,,,,,,,,,
را,F,,,,,,,,,
همین,N,,,,,,,,,
الان,N,,,,,,,,,
شنیدم,N,,,,,,,,,
,,,,,,,,,,
به,N,,,,,,,,,
سوی,N,,,,,,,,,
رود,N,,,,,,,,,
اردن,N,,,,,,,,,
خواهم,F,,,,,,,,,
رفت,F,,,,,,,,,
,,,,,,,,,,
اون,C,,,,,,,,,
چیه؟,C,,,,,,,,,
ساندویچ,N,,,,,,,,,
ژامبون,N,,,,,,,,,
,,,,,,,,,,
خب,N,,,,,,,,,
تنها,N,,,,,,,,,
کار,N,,,,,,,,,
این,N,,,,,,,,,
هست,F,,,,,,,,,
که,N,,,,,,,,,
توضیحاتش,N,,,,,,,,,
را,F,,,,,,,,,
بخوانم,F,,,,,,,,,
,,,,,,,,,,
همون,C,,,,,,,,,
بهتر,N,,,,,,,,,
که,N,,,,,,,,,
اصلا,N,,,,,,,,,
برنگردی,N,,,,,,,,,
,,,,,,,,,,
چی,C,,,,,,,,,
داری؟,N,,,,,,,,,
همبرگر,N,,,,,,,,,
و,N,,,,,,,,,
نون؟,C,,,,,,,,,
,,,,,,,,,,
ببین,N,,,,,,,,,
پاتو,C,,,,,,,,,
کجا,N,,,,,,,,,
میزاری,C,,,,,,,,,
ببخشید,N,,,,,,,,,
,,,,,,,,,,
<,N,,,,,,,,,
>,N,,,,,,,,,
اما,N,,,,,,,,,
در,N,,,,,,,,,
پیش,N,,,,,,,,,
رویم,F,,,,,,,,,
زمین,N,,,,,,,,,
های,F,,,,,,,,,
طلایی,N,,,,,,,,,
اند,F,,,,,,,,,
<,N,,,,,,,,,
>,N,,,,,,,,,
,,,,,,,,,,
جیک,N,,,,,,,,,
بوگندو,C,,,,,,,,,
درون,N,,,,,,,,,
ارس,N,,,,,,,,,
یادت,N,,,,,,,,,
می‌آید؟,F,,,,,,,,,
,,,,,,,,,,
و,N,,,,,,,,,
وقتی,N,,,,,,,,,
داشت,F,,,,,,,,,
برای,F,,,,,,,,,
آن,F,,,,,,,,,
نامه,N,,,,,,,,,
نوشت,N,,,,,,,,,
از,N,,,,,,,,,
نبود,N,,,,,,,,,
حمام,F,,,,,,,,,
و,N,,,,,,,,,
این‌ها,F,,,,,,,,,
برای,F,,,,,,,,,
آن,F,,,,,,,,,
گفته,N,,,,,,,,,
,,,,,,,,,,
بعدش,N,,,,,,,,,
می‌توانی,F,,,,,,,,,
سر,N,,,,,,,,,
چیزهای,F,,,,,,,,,
کوچک,F,,,,,,,,,
دعوا,N,,,,,,,,,
کنی,N,,,,,,,,,
,,,,,,,,,,
اگر,F,,,,,,,,,
نتونید,C,,,,,,,,,
این,N,,,,,,,,,
را,F,,,,,,,,,
برسانید,F,,,,,,,,,
یک,F,,,,,,,,,
قتل‌عام,N,,,,,,,,,
رخ,N,,,,,,,,,
می‌دهد,F,,,,,,,,,
,,,,,,,,,,
خط,N,,,,,,,,,
مقدم,N,,,,,,,,,
را,F,,,,,,,,,
ادامه,N,,,,,,,,,
بدید,C,,,,,,,,,
تا,N,,,,,,,,,
یورکس,N,,,,,,,,,
را,F,,,,,,,,,
پیدا,N,,,,,,,,,
کنید,F,,,,,,,,,
,,,,,,,,,,
بکش,N,,,,,,,,,
کنار,N,,,,,,,,,
پسر,N,,,,,,,,,
ما,N,,,,,,,,,
داریم,N,,,,,,,,,
میریم,C,,,,,,,,,
اونجا,C,,,,,,,,,
در,N,,,,,,,,,
حال,N,,,,,,,,,
فرار,N,,,,,,,,,
گیرشون,C,,,,,,,,,
انداختیم,N,,,,,,,,,
,,,,,,,,,,
سروان,N,,,,,,,,,
یک,F,,,,,,,,,
پیغام,N,,,,,,,,,
دارم,N,,,,,,,,,
حمله,N,,,,,,,,,
لغو,N,,,,,,,,,
شده,N,,,,,,,,,
,,,,,,,,,,
برای‌همین,F,,,,,,,,,
به,N,,,,,,,,,
ما,N,,,,,,,,,
نارنجک,N,,,,,,,,,
داد؟,N,,,,,,,,,
,,,,,,,,,,
ادامه,N,,,,,,,,,
بده,N,,,,,,,,,
با,N,,,,,,,,,
آن,F,,,,,,,,,
صحبت,N,,,,,,,,,
کن,N,,,,,,,,,
,,,,,,,,,,
برگردید,F,,,,,,,,,
برگردید,F,,,,,,,,,
سر,N,,,,,,,,,
پستتون,C,,,,,,,,,
برگردید,F,,,,,,,,,
برگردید,F,,,,,,,,,
آماده,N,,,,,,,,,
باشید,F,,,,,,,,,
,,,,,,,,,,
شانس,N,,,,,,,,,
باهات,N,,,,,,,,,
یار,N,,,,,,,,,
خراب,N,,,,,,,,,
نکنی,N,,,,,,,,,
,,,,,,,,,,
نه,N,,,,,,,,,
معبر,N,,,,,,,,,
رو,C,,,,,,,,,
هفته,N,,,,,,,,,
پیش,N,,,,,,,,,
ترکوندن,C,,,,,,,,,
,,,,,,,,,,
انگار,N,,,,,,,,,
دیگه,C,,,,,,,,,
هیچ,N,,,,,,,,,
چیز,F,,,,,,,,,
بیرون,N,,,,,,,,,
از,N,,,,,,,,,
اینجا,N,,,,,,,,,
وجود,N,,,,,,,,,
نداره,C,,,,,,,,,
,,,,,,,,,,
قراره,C,,,,,,,,,
بلند,N,,,,,,,,,
شیم,C,,,,,,,,,
قراره,C,,,,,,,,,
بلند,N,,,,,,,,,
شیم,C,,,,,,,,,
,,,,,,,,,,
پوششی,N,,,,,,,,,
هست,F,,,,,,,,,
قربان؟,N,,,,,,,,,
جایی,N,,,,,,,,,
که,N,,,,,,,,,
بشود,F,,,,,,,,,
از,N,,,,,,,,,
او,F,,,,,,,,,
حمله,N,,,,,,,,,
کرد؟,N,,,,,,,,,
,,,,,,,,,,
یه,C,,,,,,,,,
نفر,N,,,,,,,,,
یه,C,,,,,,,,,
خرده,N,,,,,,,,,
غذای,N,,,,,,,,,
فست,N,,,,,,,,,
فود,N,,,,,,,,,
این,N,,,,,,,,,
جا,N,,,,,,,,,
گذاشته,N,,,,,,,,,
,,,,,,,,,,
بروید,F,,,,,,,,,
عقب,N,,,,,,,,,
برگردید,F,,,,,,,,,
به,N,,,,,,,,,
جوخه‌هاتون,C,,,,,,,,,
برگردید,F,,,,,,,,,
مواظب,N,,,,,,,,,
باشید,F,,,,,,,,,
,,,,,,,,,,
میدونید,C,,,,,,,,,
ستوان,N,,,,,,,,,
بلیک,N,,,,,,,,,
کجاست,C,,,,,,,,,
قربان؟,N,,,,,,,,,
,,,,,,,,,,
آره,C,,,,,,,,,
معلوم,N,,,,,,,,,
این,N,,,,,,,,,
را,F,,,,,,,,,
می‌گویی,F,,,,,,,,,
چون,N,,,,,,,,,
جان,F,,,,,,,,,
برادر,N,,,,,,,,,
خودت,N,,,,,,,,,
در,N,,,,,,,,,
خطر,N,,,,,,,,,
نیست,F,,,,,,,,,
,,,,,,,,,,
از,N,,,,,,,,,
آن,F,,,,,,,,,
طرفش,N,,,,,,,,,
آن‌طرف,F,,,,,,,,,
سنگین‌تر,N,,,,,,,,,
می‌شود,F,,,,,,,,,
,,,,,,,,,,
دارید,F,,,,,,,,,
می‌رید,C,,,,,,,,,
جنوب,N,,,,,,,,,
سنگر,N,,,,,,,,,
ابله‌ها,F,,,,,,,,,
,,,,,,,,,,
اوه,N,,,,,,,,,
محض,N,,,,,,,,,
رضای,N,,,,,,,,,
خدا,N,,,,,,,,,
تکونش,C,,,,,,,,,
بدین,C,,,,,,,,,
دیگه,C,,,,,,,,,
,,,,,,,,,,
بعد,N,,,,,,,,,
کس,N,,,,,,,,,
دیگری,F,,,,,,,,,
جواب,N,,,,,,,,,
داده؟,N,,,,,,,,,
,,,,,,,,,,
وگرنه,N,,,,,,,,,
تمام,F,,,,,,,,,
زندگیش,N,,,,,,,,,
را,F,,,,,,,,,
با,N,,,,,,,,,
این,N,,,,,,,,,
فکر,F,,,,,,,,,
سپری,N,,,,,,,,,
می‌کند,F,,,,,,,,,
که,N,,,,,,,,,
تو,N,,,,,,,,,
کجایی,N,,,,,,,,,
,,,,,,,,,,
سیم‌خاردار,N,,,,,,,,,
دوم,N,,,,,,,,,
را,F,,,,,,,,,
که,N,,,,,,,,,
رد,N,,,,,,,,,
کردید,F,,,,,,,,,
بعدش,N,,,,,,,,,
دنبال,N,,,,,,,,,
جنازه,N,,,,,,,,,
سربازی,N,,,,,,,,,
که,N,,,,,,,,,
خم,N,,,,,,,,,
شده,N,,,,,,,,,
بگردید,F,,,,,,,,,
,,,,,,,,,,
برو,N,,,,,,,,,
به,N,,,,,,,,,
زخم‌هات,C,,,,,,,,,
برس,N,,,,,,,,,
,,,,,,,,,,
ما,N,,,,,,,,,
با,N,,,,,,,,,
هم,N,,,,,,,,,
به,N,,,,,,,,,
اینجا,N,,,,,,,,,
فرستاده,N,,,,,,,,,
شدیم,N,,,,,,,,,
تام,N,,,,,,,,,
اینجاست؟,N,,,,,,,,,
کجاست؟,N,,,,,,,,,
,,,,,,,,,,
<,N,,,,,,,,,
>,N,,,,,,,,,
من,N,,,,,,,,,
از,N,,,,,,,,,
میون,C,,,,,,,,,
این,N,,,,,,,,,
دنیای,N,,,,,,,,,
غم,N,,,,,,,,,
و,N,,,,,,,,,
اندوه,N,,,,,,,,,
می‌گذرم,N,,,,,,,,,
<,N,,,,,,,,,
>,N,,,,,,,,,
,,,,,,,,,,
گفت,F,,,,,,,,,
که,N,,,,,,,,,
سربازهای,F,,,,,,,,,
آلمانی,N,,,,,,,,,
رفتن,C,,,,,,,,,
,,,,,,,,,,
مچ,N,,,,,,,,,
برادرت,N,,,,,,,,,
رو,C,,,,,,,,,
موقع,N,,,,,,,,,
کشیدن,N,,,,,,,,,
ماری,N,,,,,,,,,
جوانا,N,,,,,,,,,
گرفتم,N,,,,,,,,,
,,,,,,,,,,
احتمالا,N,,,,,,,,,
چند,F,,,,,,,,,
قدم,N,,,,,,,,,
جلوتر,N,,,,,,,,,
کمین,N,,,,,,,,,
کردن,C,,,,,,,,,
,,,,,,,,,,
از,N,,,,,,,,,
تو,N,,,,,,,,,
یکی,N,,,,,,,,,
بیشتر,N,,,,,,,,,
بلده,C,,,,,,,,,
کوکه,N,,,,,,,,,
,,,,,,,,,,
چون,N,,,,,,,,,
که,N,,,,,,,,,
چندم,N,,,,,,,,,
است,F,,,,,,,,,
آن,F,,,,,,,,,
ماله,C,,,,,,,,,
من,N,,,,,,,,,
هست,F,,,,,,,,,
,,,,,,,,,,
آن,F,,,,,,,,,
وقت,N,,,,,,,,,
می‌توانستی,F,,,,,,,,,
یک‌دست,F,,,,,,,,,
دندان,F,,,,,,,,,
مصنوعی,N,,,,,,,,,
جدید,N,,,,,,,,,
بگذاری,F,,,,,,,,,
,,,,,,,,,,
پوششی,N,,,,,,,,,
هست,F,,,,,,,,,
قربان؟,N,,,,,,,,,
جایی,N,,,,,,,,,
که,N,,,,,,,,,
از,N,,,,,,,,,
او,F,,,,,,,,,
بپریم؟,N,,,,,,,,,
,,,,,,,,,,
سرجوخه‌ها,N,,,,,,,,,
هر,N,,,,,,,,,
کاری,N,,,,,,,,,
که,N,,,,,,,,,
می‌کنید,F,,,,,,,,,
نباید,N,,,,,,,,,
ضوابط,N,,,,,,,,,
را,F,,,,,,,,,
زیر,N,,,,,,,,,
پا,N,,,,,,,,,
بگذارید,F,,,,,,,,,
,,,,,,,,,,
خلاصه,N,,,,,,,,,
دوست,F,,,,,,,,,
دخترش,N,,,,,,,,,
برای,F,,,,,,,,,
آن,F,,,,,,,,,
یک,F,,,,,,,,,
روغن,N,,,,,,,,,
مو,N,,,,,,,,,
می‌فرستد,F,,,,,,,,,
,,,,,,,,,,
الان,N,,,,,,,,,
پر,N,,,,,,,,,
جنازه,N,,,,,,,,,
هست,F,,,,,,,,,
بهترین,N,,,,,,,,,
گزینتون,C,,,,,,,,,
اینه,C,,,,,,,,,
که,N,,,,,,,,,
ازینجا,N,,,,,,,,,
برید,C,,,,,,,,,
,,,,,,,,,,
چند,F,,,,,,,,,
تا,N,,,,,,,,,
اورتیز,N,,,,,,,,,
خبر,N,,,,,,,,,
رو,C,,,,,,,,,
به,N,,,,,,,,,
خانواده,F,,,,,,,,,
ها,N,,,,,,,,,
داده,N,,,,,,,,,
,,,,,,,,,,
<,N,,,,,,,,,
>,N,,,,,,,,,
میروم,F,,,,,,,,,
تا,N,,,,,,,,,
سرگردان,F,,,,,,,,,
نباشم,N,,,,,,,,,
<,N,,,,,,,,,
>,N,,,,,,,,,
,,,,,,,,,,
عازمم,C,,,,,,,,,
تا,N,,,,,,,,,
پدرم,N,,,,,,,,,
را,F,,,,,,,,,
ببینم,N,,,,,,,,,
,,,,,,,,,,
حداقل,N,,,,,,,,,
باید,N,,,,,,,,,
تا,N,,,,,,,,,
تاریکی,N,,,,,,,,,
شب,N,,,,,,,,,
صبر,F,,,,,,,,,
کنیم,N,,,,,,,,,
,,,,,,,,,,
آن,F,,,,,,,,,
از,N,,,,,,,,,
تو,N,,,,,,,,,
بیش‌تر,N,,,,,,,,,
می‌فهمد,F,,,,,,,,,
کوک,N,,,,,,,,,
,,,,,,,,,,
متقاعد,N,,,,,,,,,
شده,N,,,,,,,,,
که,N,,,,,,,,,
تو,N,,,,,,,,,
چنگشونه,C,,,,,,,,,
,,,,,,,,,,
پس,N,,,,,,,,,
شاید,N,,,,,,,,,
اگر,F,,,,,,,,,
من,N,,,,,,,,,
,,,,,,,,,,
حواست,N,,,,,,,,,
باشد,F,,,,,,,,,
کی,N,,,,,,,,,
را,F,,,,,,,,,
داری,N,,,,,,,,,
هل,N,,,,,,,,,
می‌دهی,F,,,,,,,,,
پس,N,,,,,,,,,
از,N,,,,,,,,,
سر,N,,,,,,,,,
راهم,N,,,,,,,,,
برو,N,,,,,,,,,
کنار,N,,,,,,,,,
,,,,,,,,,,
الان,N,,,,,,,,,
این,N,,,,,,,,,
را,F,,,,,,,,,
فرستادن,C,,,,,,,,,
هفته,N,,,,,,,,,
بعد,N,,,,,,,,,
فرمانده,N,,,,,,,,,
یک,F,,,,,,,,,
پیغام,N,,,,,,,,,
متفاوت,N,,,,,,,,,
می‌فرستد,F,,,,,,,,,
,,,,,,,,,,
خب,N,,,,,,,,,
تا‌جایی‌که,N,,,,,,,,,
می‌دانم,F,,,,,,,,,
ستوان,N,,,,,,,,,
بلیک,N,,,,,,,,,
باید,N,,,,,,,,,
با,N,,,,,,,,,
افرادش,N,,,,,,,,,
به,N,,,,,,,,,
خط,N,,,,,,,,,
زده,N,,,,,,,,,
باشد,F,,,,,,,,,
,,,,,,,,,,
قبل,N,,,,,,,,,
از,N,,,,,,,,,
جنگ,N,,,,,,,,,
منطقه,N,,,,,,,,,
تیپوال,N,,,,,,,,,
هم,F,,,,,,,,,
اینقدر,C,,,,,,,,,
ساکت,N,,,,,,,,,
بود؟,N,,,,,,,,,
,,,,,,,,,,
جلوت,C,,,,,,,,,
رو,C,,,,,,,,,
بپا,C,,,,,,,,,
از,N,,,,,,,,,
سر,N,,,,,,,,,
راهم,N,,,,,,,,,
برو,N,,,,,,,,,
کنار,N,,,,,,,,,
پس,N,,,,,,,,,
,,,,,,,,,,
خیلی,N,,,,,,,,,
خب,N,,,,,,,,,
گیریم,C,,,,,,,,,
که,N,,,,,,,,,
آلمانی,N,,,,,,,,,
ها,F,,,,,,,,,
رفته,N,,,,,,,,,
باشن,C,,,,,,,,,
,,,,,,,,,,
راستش,N,,,,,,,,,
به,N,,,,,,,,,
یک,F,,,,,,,,,
ذره,N,,,,,,,,,
کمک,N,,,,,,,,,
در,N,,,,,,,,,
مورد,N,,,,,,,,,
خانواده,F,,,,,,,,,
ام,N,,,,,,,,,
نیاز,N,,,,,,,,,
دارم,N,,,,,,,,,
,,,,,,,,,,
نه,N,,,,,,,,,
همه,N,,,,,,,,,
سنگرها,F,,,,,,,,,
هفته,N,,,,,,,,,
پیش,N,,,,,,,,,
بمباران,F,,,,,,,,,
شدن,C,,,,,,,,,
,,,,,,,,,,
مثل,F,,,,,,,,,
خر,N,,,,,,,,,
ترسیدم,N,,,,,,,,,
فکر,F,,,,,,,,,
کردم,N,,,,,,,,,
خونوادتن,C,,,,,,,,,
,,,,,,,,,,
من,N,,,,,,,,,
یکم‌,C,,,,,,,,,
هات داگای,C,,,,,,,,,
فاسد,N,,,,,,,,,
,,,,,,,,,,
من,N,,,,,,,,,
پیغامی,N,,,,,,,,,
از,N,,,,,,,,,
سمت,N,,,,,,,,,
ژنرال,N,,,,,,,,,
ارینمور,N,,,,,,,,,
دارم,N,,,,,,,,,
که,N,,,,,,,,,
دستور,N,,,,,,,,,
توقف,N,,,,,,,,,
این,N,,,,,,,,,
حمله,N,,,,,,,,,
رو,C,,,,,,,,,
داده,N,,,,,,,,,
,,,,,,,,,,
آره,C,,,,,,,,,
یک,F,,,,,,,,,
جورایی,C,,,,,,,,,
یک,F,,,,,,,,,
خاطره,N,,,,,,,,,
قبر,N,,,,,,,,,
شده,N,,,,,,,,,
است,F,,,,,,,,,
,,,,,,,,,,
خدایا,N,,,,,,,,,
من,N,,,,,,,,,
با,N,,,,,,,,,
این,N,,,,,,,,,
چیکار,C,,,,,,,,,
کنم,N,,,,,,,,,
آخه؟,C,,,,,,,,,
برو,N,,,,,,,,,
با,N,,,,,,,,,
فرمانده,N,,,,,,,,,
حرف,N,,,,,,,,,
بزن,N,,,,,,,,,
,,,,,,,,,,
ما,N,,,,,,,,,
داریم,N,,,,,,,,,
میریم,C,,,,,,,,,
اونطرف,C,,,,,,,,,
ما,N,,,,,,,,,
از,N,,,,,,,,,
اونا,C,,,,,,,,,
قوی,N,,,,,,,,,
تریم,C,,,,,,,,,
اینطور,N,,,,,,,,,
نیست,F,,,,,,,,,
,,,,,,,,,,
مراقب,N,,,,,,,,,
گودال,N,,,,,,,,,
ها,F,,,,,,,,,
باشین,C,,,,,,,,,
بعضی,N,,,,,,,,,
هاشون,C,,,,,,,,,
عمیق,N,,,,,,,,,
تر,N,,,,,,,,,
از,N,,,,,,,,,
اونی,C,,,,,,,,,
هستن,C,,,,,,,,,
که,N,,,,,,,,,
به,N,,,,,,,,,
نظر,N,,,,,,,,,
میان,C,,,,,,,,,
,,,,,,,,,,
خودت,N,,,,,,,,,
را,F,,,,,,,,,
تصور,N,,,,,,,,,
کن,N,,,,,,,,,
برای,F,,,,,,,,,
چند,F,,,,,,,,,
هفته,N,,,,,,,,,
کنار,N,,,,,,,,,
این,N,,,,,,,,,
استخر,N,,,,,,,,,
حال,N,,,,,,,,,
کنی,N,,,,,,,,,
فقط,N,,,,,,,,,
,,,,,,,,,,
باید,N,,,,,,,,,
متوقفش,N,,,,,,,,,
کنید,F,,,,,,,,,
باید,N,,,,,,,,,
متوقفش,N,,,,,,,,,
کنید,F,,,,,,,,,
,,,,,,,,,,
یکم,N,,,,,,,,,
جا,N,,,,,,,,,
باز,N,,,,,,,,,
کنید,F,,,,,,,,,
اونجا,C,,,,,,,,,
,,,,,,,,,,
چشم,N,,,,,,,,,
قربان,N,,,,,,,,,
چشم,N,,,,,,,,,
قربان,N,,,,,,,,,
,,,,,,,,,,
حالا,N,,,,,,,,,
اونها,C,,,,,,,,,
یه,C,,,,,,,,,
دفعه,F,,,,,,,,,
به,N,,,,,,,,,
ما,N,,,,,,,,,
چند,F,,,,,,,,,
مایل,N,,,,,,,,,
میدن؟,C,,,,,,,,,
این,N,,,,,,,,,
یه,C,,,,,,,,,
تله,N,,,,,,,,,
است,F,,,,,,,,,
,,,,,,,,,,
سیم,N,,,,,,,,,
خاردارهای,F,,,,,,,,,
ما,N,,,,,,,,,
داغون,N,,,,,,,,,
هستند,F,,,,,,,,,
ولی,N,,,,,,,,,
یک,F,,,,,,,,,
جورایی,C,,,,,,,,,
از,N,,,,,,,,,
لاشون,C,,,,,,,,,
یک,F,,,,,,,,,
راهی,N,,,,,,,,,
هست,F,,,,,,,,,
,,,,,,,,,,
لازم,N,,,,,,,,,
نیست,F,,,,,,,,,
نگران,N,,,,,,,,,
باشید,F,,,,,,,,,
با,N,,,,,,,,,
هیچ,N,,,,,,,,,
مقاومتی,N,,,,,,,,,
روبرو,N,,,,,,,,,
نمیشید,C,,,,,,,,,
,,,,,,,,,,
یعنی,F,,,,,,,,,
همشون,C,,,,,,,,,
دیگه,C,,,,,,,,,
کارشون,C,,,,,,,,,
خلاصه؟,N,,,,,,,,,
,,,,,,,,,,
دارند,F,,,,,,,,,
برمیگیردن,C,,,,,,,,,
خانه,F,,,,,,,,,
یعنی,F,,,,,,,,,
چه,F,,,,,,,,,
دیدن؟,C,,,,,,,,,
,,,,,,,,,,
قربان,N,,,,,,,,,
اون,C,,,,,,,,,
زمین,N,,,,,,,,,
در,N,,,,,,,,,
تسخیر,N,,,,,,,,,
آلمان,N,,,,,,,,,
هاست,F,,,,,,,,,
,,,,,,,,,,
و,N,,,,,,,,,
اگر,F,,,,,,,,,
بتونه,C,,,,,,,,,
خطوط,N,,,,,,,,,
آن,F,,,,,,,,,
ها,F,,,,,,,,,
را,F,,,,,,,,,
الآن,N,,,,,,,,,
بشکند,F,,,,,,,,,
ورق,N,,,,,,,,,
را,F,,,,,,,,,
برمی گردونه,C,,,,,,,,,
,,,,,,,,,,
قربان,N,,,,,,,,,
من,N,,,,,,,,,
دستور,N,,,,,,,,,
دارم,N,,,,,,,,,
که,N,,,,,,,,,
جلوی,N,,,,,,,,,
این,N,,,,,,,,,
حمله,N,,,,,,,,,
را,F,,,,,,,,,
بگیرم,N,,,,,,,,,
,,,,,,,,,,
و,N,,,,,,,,,
دست,F,,,,,,,,,
خیسش,N,,,,,,,,,
را,F,,,,,,,,,
مشت,N,,,,,,,,,
به,N,,,,,,,,,
پشت,N,,,,,,,,,
کت,N,,,,,,,,,
بیوفوی,N,,,,,,,,,
,,,,,,,,,,
هی,N,,,,,,,,,
وایسا,C,,,,,,,,,
رفیق,N,,,,,,,,,
داری,N,,,,,,,,,
کجا,N,,,,,,,,,
میری؟,C,,,,,,,,,
,,,,,,,,,,
یه,C,,,,,,,,,
شب,N,,,,,,,,,
ساکت,N,,,,,,,,,
بوده,N,,,,,,,,,
فکر,F,,,,,,,,,
کردن,N,,,,,,,,,
آلمانها,F,,,,,,,,,
عقب,N,,,,,,,,,
نشینی,N,,,,,,,,,
کردن؟,N,,,,,,,,,
,,,,,,,,,,
یک,F,,,,,,,,,
اتفاقی,N,,,,,,,,,
افتاده,N,,,,,,,,,
تو,N,,,,,,,,,
چیزی,N,,,,,,,,,
نشنیدی؟,N,,,,,,,,,
,,,,,,,,,,
مطمئن,N,,,,,,,,,
شو,N,,,,,,,,,
چندتا,F,,,,,,,,,
شاهد,N,,,,,,,,,
اونجا,C,,,,,,,,,
باشه,C,,,,,,,,,
,,,,,,,,,,
انریمور,N,,,,,,,,,
گفت,F,,,,,,,,,
که,N,,,,,,,,,
باید,N,,,,,,,,,
سریع,N,,,,,,,,,
برویم,F,,,,,,,,,
,,,,,,,,,,
کدوم,C,,,,,,,,,
یک,F,,,,,,,,,
از,N,,,,,,,,,
شما,N,,,,,,,,,
بلیک,N,,,,,,,,,
ه؟,C,,,,,,,,,
منم,C,,,,,,,,,
قربان,N,,,,,,,,,
,,,,,,,,,,
عزیزم,N,,,,,,,,,
نظرت,N,,,,,,,,,
راجع,F,,,,,,,,,
به,N,,,,,,,,,
این,N,,,,,,,,,
چه,F,,,,,,,,,
هست؟,F,,,,,,,,,
,,,,,,,,,,
خون,N,,,,,,,,,
زیادی,N,,,,,,,,,
از,N,,,,,,,,,
دست,F,,,,,,,,,
داده,N,,,,,,,,,
,,,,,,,,,,
سنگری,N,,,,,,,,,
هست,F,,,,,,,,,
قربان؟,N,,,,,,,,,
جایی,N,,,,,,,,,
که,N,,,,,,,,,
بشود,F,,,,,,,,,
بپریم,N,,,,,,,,,
داخلش؟,N,,,,,,,,,
,,,,,,,,,,
احتمالا,N,,,,,,,,,
باید,N,,,,,,,,,
بروم,F,,,,,,,,,
داخل,N,,,,,,,,,
,,,,,,,,,,
<,N,,,,,,,,,
>,N,,,,,,,,,
من,N,,,,,,,,,
یک,F,,,,,,,,,
مسافر,N,,,,,,,,,
غریبه‌ی,N,,,,,,,,,
بیچاره‌ام,F,,,,,,,,,
<,N,,,,,,,,,
>,N,,,,,,,,,
,,,,,,,,,,
خب,N,,,,,,,,,
یک,F,,,,,,,,,
منور,N,,,,,,,,,
برای,F,,,,,,,,,
ایشان,F,,,,,,,,,
بیاور,F,,,,,,,,,
کیلگور,N,,,,,,,,,
شاید,N,,,,,,,,,
به,N,,,,,,,,,
یک,F,,,,,,,,,
دردی,N,,,,,,,,,
خوردی,N,,,,,,,,,
,,,,,,,,,,
از,N,,,,,,,,,
کجا,N,,,,,,,,,
معلوم,N,,,,,,,,,
بلیک؟,N,,,,,,,,,
تو,N,,,,,,,,,
که,N,,,,,,,,,
آنجا,F,,,,,,,,,
نبودی,N,,,,,,,,,
,,,,,,,,,,
محض,N,,,,,,,,,
رضای,N,,,,,,,,,
خدا,N,,,,,,,,,
ببرینش,C,,,,,,,,,
کنار,N,,,,,,,,,
دیگر,F,,,,,,,,,
,,,,,,,,,,
سرباز,N,,,,,,,,,
آدم,N,,,,,,,,,
تحت,N,,,,,,,,,
هیچ,N,,,,,,,,,
شرایطی,N,,,,,,,,,
نباید,N,,,,,,,,,
بگذارد,F,,,,,,,,,
پرچم,N,,,,,,,,,
بیافتد,F,,,,,,,,,
را,F,,,,,,,,,
زمین,N,,,,,,,,,
,,,,,,,,,,
ادام,N,,,,,,,,,
داستان,N,,,,,,,,,
را,F,,,,,,,,,
تعریف,N,,,,,,,,,
کن,N,,,,,,,,,
اوه,N,,,,,,,,,
آره,C,,,,,,,,,
درسته,C,,,,,,,,,
,,,,,,,,,,
وقتی,N,,,,,,,,,
داشتن,C,,,,,,,,,
سیم,N,,,,,,,,,
خاردارها,F,,,,,,,,,
رو,C,,,,,,,,,
نصب,N,,,,,,,,,
میکردن,C,,,,,,,,,
تیکه,C,,,,,,,,,
تیکه,C,,,,,,,,,
شون,C,,,,,,,,,
کردن,C,,,,,,,,,
,,,,,,,,,,
آن,F,,,,,,,,,
آدم,N,,,,,,,,,
خوبی,N,,,,,,,,,
به,N,,,,,,,,,
نظر,N,,,,,,,,,
می‌رسد,F,,,,,,,,,
,,,,,,,,,,
مثل,F,,,,,,,,,
موجی,N,,,,,,,,,
که,N,,,,,,,,,
قبل,N,,,,,,,,,
از‌این‌که,N,,,,,,,,,
به,N,,,,,,,,,
اوج,N,,,,,,,,,
برسد,F,,,,,,,,,
فرومیریزد,F,,,,,,,,,
,,,,,,,,,,
می‌دانم,F,,,,,,,,,
ابرهای,F,,,,,,,,,
سیاه,N,,,,,,,,,
به,N,,,,,,,,,
دورم,N,,,,,,,,,
جمع,N,,,,,,,,,
می‌شوند,F,,,,,,,,,